"COMPARTIMENTO","ALIAS_STAZIONE","ALIAS_BACINO","GRANDEZZA","VERSION"
"CA","ABBASANTA","TIRSO","PG09","V2026.01"
"CA","AGGIUS","LISCIA","PG09","V2026.01"
"CA","ALA' DEI SARDI","POSADA","PG09","V2026.01"
"CA","ALA' DEI SARDI","POSADA","TGMAX09","V2026.01"
"CA","ALA' DEI SARDI","POSADA","TGMIN09","V2026.01"
"CA","ALES (FERROVIE COMPLEMENTARI)","MOGORO","PG09","V2026.01"
"CA","ALES (FERROVIE COMPLEMENTARI)","MOGORO","TGMAX09","V2026.01"
"CA","ALES (FERROVIE COMPLEMENTARI)","MOGORO","TGMIN09","V2026.01"
"CA","ALGHERO (COLONIA PENALE CUGUTTU)","VARI FRA TEMO E CALICH","PG09","V2026.01"
"CA","ALGHERO (COLONIA PENALE CUGUTTU)","VARI FRA TEMO E CALICH","TGMAX09","V2026.01"
"CA","ALGHERO (COLONIA PENALE CUGUTTU)","VARI FRA TEMO E CALICH","TGMIN09","V2026.01"
"CA","ALLAI","TIRSO","PG09","V2026.01"
"CA","ALLAI","TIRSO","TGMAX09","V2026.01"
"CA","ALLAI","TIRSO","TGMIN09","V2026.01"
"CA","ARBOREA (GIA' MUSSOLINIA)","MOGORO","PG09","V2026.01"
"CA","ARBOREA (GIA' MUSSOLINIA)","MOGORO","TGMAX09","V2026.01"
"CA","ARBOREA (GIA' MUSSOLINIA)","MOGORO","TGMIN09","V2026.01"
"CA","ARDARA","COGHINAS","PG09","V2026.01"
"CA","ARGENTIERA","VARI FRA BARCA E SANTO","PG09","V2026.01"
"CA","ARGENTIERA (MINIERA)","VARI FRA BARCA E SANTO","PG09","V2026.01"
"CA","ARITZO","TIRSO","PG09","V2026.01"
"CA","ARITZO","TIRSO","TGMAX09","V2026.01"
"CA","ARITZO","TIRSO","TGMIN09","V2026.01"
"CA","ARMUNGIA","FLUMENDOSA","PG09","V2026.01"
"CA","ARMUNGIA","FLUMENDOSA","TGMAX09","V2026.01"
"CA","ARMUNGIA","FLUMENDOSA","TGMIN09","V2026.01"
"CA","ARQUERI' (CANTONIERA)","FLUMENDOSA","PG09","V2026.01"
"CA","ARZACHENA","SAN GIOVANNI D'ARZAGHENA","PG09","V2026.01"
"CA","ARZANA","FODDEDDU","PG09","V2026.01"
"CA","ARZANA","FODDEDDU","TGMAX09","V2026.01"
"CA","ARZANA","FODDEDDU","TGMIN09","V2026.01"
"CA","ASINARA (MANDRIA)","ISOLA ASINARA","PG09","V2026.01"
"CA","ASINARA (SEMAFORO)","ISOLA ASINARA","PG09","V2026.01"
"CA","ASSOLO","TIRSO","PG09","V2026.01"
"CA","ASUNI","TIRSO","PG09","V2026.01"
"CA","AUSTIS","TIRSO","PG09","V2026.01"
"CA","BACU ABIS","FLUMENTEPIDO","PG09","V2026.01"
"CA","BADDELONGA (CANTONIERA)","TEMO","PG09","V2026.01"
"CA","BALLAO","FLUMENDOSA","PG09","V2026.01"
"CA","BANCALI (GIA' MACCIADOSA CANTONIERA)","MANNU DI PORTOTORRES","PG09","V2026.01"
"CA","BANNARI USELLUS","MOGORO","PG09","V2026.01"
"CA","BARADILI (FERROVIE COMPLEMENTARI)","MOGORO","PG09","V2026.01"
"CA","BARESSA","MOGORO","PG09","V2026.01"
"CA","BARISARDO","VARI FRA FODDEDDU E PARDU","PG09","V2026.01"
"CA","BARRALI (FERROVIE COMPLEMENTARI)","FLUMINIMANNU","PG09","V2026.01"
"CA","BARUMINI (FERROVIE COMPLEMENTARI)","FLUMINIMANNU","PG09","V2026.01"
"CA","BASSACUTENA (CANTONIERA)","LISCIA","PG09","V2026.01"
"CA","BAU MANDARA (PRIVATA)","FLUMENDOSA","PG09","V2026.01"
"CA","BAU MELA (PRIVATA)","FLUMENDOSA","PG09","V2026.01"
"CA","BAU MUGGERIS (PRIVATA)","FLUMENDOSA","PG09","V2026.01"
"CA","BAU PRESSIU (CASSA PER IL MEZZOGIORNO)","PALMAS","PG09","V2026.01"
"CA","BAU PRESSIU (CASSA PER IL MEZZOGIORNO)","PALMAS","TGMAX09","V2026.01"
"CA","BAU PRESSIU (CASSA PER IL MEZZOGIORNO)","PALMAS","TGMIN09","V2026.01"
"CA","BAULADU","MANNU DI SANTULUSSURGIU","PG09","V2026.01"
"CA","BAULADU (FERROVIE DELLO STATO)","MANNU DI SANTULUSSURGIU","PG09","V2026.01"
"CA","BAUNEI (CANTONIERA)","PRAMAERA","PG09","V2026.01"
"CA","BELLICAI DIGA (PRIVATA)","FLUMINIMANNU","PG09","V2026.01"
"CA","BELLICAI DIGA (PRIVATA)","FLUMINIMANNU","TGMAX09","V2026.01"
"CA","BELLICAI DIGA (PRIVATA)","FLUMINIMANNU","TGMIN09","V2026.01"
"CA","BENETUTTI","TIRSO","PG09","V2026.01"
"CA","BENETUTTI (PRIVATA)","TIRSO","PG09","V2026.01"
"CA","BENZONE","TIRSO","PG09","V2026.01"
"CA","BERCHIDDA","COGHINAS","PG09","V2026.01"
"CA","BERCHIDDA (FERROVIE DELLO STATO)","COGHINAS","PG09","V2026.01"
"CA","BIDIGHINZU DIGA (CASSA PER IL MEZZOGIORNO)","MANNU DI PORTOTORRES","PG09","V2026.01"
"CA","BIDIGHINZU DIGA (CASSA PER IL MEZZOGIORNO)","MANNU DI PORTOTORRES","TGMAX09","V2026.01"
"CA","BIDIGHINZU DIGA (CASSA PER IL MEZZOGIORNO)","MANNU DI PORTOTORRES","TGMIN09","V2026.01"
"CA","BITTI","POSADA","PG09","V2026.01"
"CA","BOLOTANA","TIRSO","PG09","V2026.01"
"CA","BOLOTANA (FERROVIE COMPLEMENTARI)","TIRSO","PG09","V2026.01"
"CA","BONIFICA LECCARI","MANNU DI PORTOTORRES","PG09","V2026.01"
"CA","BONORVA","TEMO","PG09","V2026.01"
"CA","BONORVA (CABINA)","TEMO","PG09","V2026.01"
"CA","BONORVA (DEPOSITO ALLEVAMENTO CAVALLI)","COGHINAS","PG09","V2026.01"
"CA","BORORE (CABINA)","TIRSO","PG09","V2026.01"
"CA","BORTIGALI","TIRSO","PG09","V2026.01"
"CA","BORTIGALI (FERROVIE COMPLEMENTARI)","TIRSO","PG09","V2026.01"
"CA","BOSA","TEMO","PG09","V2026.01"
"CA","BOSA","TEMO","TGMAX09","V2026.01"
"CA","BOSA","TEMO","TGMIN09","V2026.01"
"CA","BOSA (FERROVIE COMPLEMENTARI)","TEMO","PG09","V2026.01"
"CA","BOSA MARINA","TEMO","PG09","V2026.01"
"CA","BOSA MARINA","TEMO","TGMAX09","V2026.01"
"CA","BOSA MARINA","TEMO","TGMIN09","V2026.01"
"CA","BOTTIDDA (FERROVIE COMPLEMENTARI)","TIRSO","PG09","V2026.01"
"CA","BUDDUSO'","COGHINAS","PG09","V2026.01"
"CA","BUDONI (CANTONIERA)","VARI FRA PADROGIANO E POSADA","PG09","V2026.01"
"CA","BUDONI (CANTONIERA)","VARI FRA PADROGIANO E POSADA","TGMAX09","V2026.01"
"CA","BUDONI (CANTONIERA)","VARI FRA PADROGIANO E POSADA","TGMIN09","V2026.01"
"CA","BULTEI (FERROVIE COMPLEMENTARI)","TIRSO","PG09","V2026.01"
"CA","BULTEI (FERROVIE COMPLEMENTARI)","TIRSO","TGMAX09","V2026.01"
"CA","BULTEI (FERROVIE COMPLEMENTARI)","TIRSO","TGMIN09","V2026.01"
"CA","BUNNARI (ACQUEDOTTO)","MANNU DI PORTOTORRES","PG09","V2026.01"
"CA","BURCEI","SA PISPISA","PG09","V2026.01"
"CA","BUSACHI","TIRSO","PG09","V2026.01"
"CA","BUSACHI","TIRSO","TGMAX09","V2026.01"
"CA","BUSACHI","TIRSO","TGMIN09","V2026.01"
"CA","BUSACHI (DIGA)","TIRSO","PG09","V2026.01"
"CA","BUSACHI (DIGA)","TIRSO","TGMAX09","V2026.01"
"CA","BUSACHI (DIGA)","TIRSO","TGMIN09","V2026.01"
"CA","CABRAS","VARI FRA TIRSO E MANNU DI SANTULUSSURGIU","PG09","V2026.01"
"CA","CADDAU (CANTONIERA)","COGHINAS","PG09","V2026.01"
"CA","CADREAS (CANTONIERA)","VARI FRA MAREFOGHE E PISCHINAPIU","PG09","V2026.01"
"CA","CAGLIARI (IDROGRAFICO)","VARI FRA SA PISPISA E SASSU O DI SESTU","PG09","V2026.01"
"CA","CAGLIARI (IDROGRAFICO)","VARI FRA SA PISPISA E SASSU O DI SESTU","TGMAX09","V2026.01"
"CA","CAGLIARI (IDROGRAFICO)","VARI FRA SA PISPISA E SASSU O DI SESTU","TGMIN09","V2026.01"
"CA","CAGLIARI (ISTITUTO DI IDRAULICA)","VARI FRA SA PISPISA E SASSU O DI SESTU","PG09","V2026.01"
"CA","CAGLIARI (MARINA)","VARI FRA SA PISPISA E SASSU O DI SESTU","PG09","V2026.01"
"CA","CAGLIARI (PORTO)","SANTA GILLA E MINORI FRA SETTIMO E PULA","PG09","V2026.01"
"CA","CAGLIARI (REGIA UNIVERSITA')","VARI FRA SA PISPISA E SASSU O DI SESTU","PG09","V2026.01"
"CA","CAGLIARI (REGIA UNIVERSITA')","VARI FRA SA PISPISA E SASSU O DI SESTU","TGMAX09","V2026.01"
"CA","CAGLIARI (REGIA UNIVERSITA')","VARI FRA SA PISPISA E SASSU O DI SESTU","TGMIN09","V2026.01"
"CA","CAGLIARI (SCUOLA AGRARIA)","VARI FRA SA PISPISA E SASSU O DI SESTU","PG09","V2026.01"
"CA","CALA GONONE","VARI FRA CEDRINO E CODULA DE LUNA","PG09","V2026.01"
"CA","CALA GONONE","VARI FRA CEDRINO E CODULA DE LUNA","TGMAX09","V2026.01"
"CA","CALA GONONE","VARI FRA CEDRINO E CODULA DE LUNA","TGMIN09","V2026.01"
"CA","CALANGIANUS","LISCIA","PG09","V2026.01"
"CA","CAMPANASISSA (CANTONIERA)","PALMAS","PG09","V2026.01"
"CA","CAMPEDA (FERROVIE DELLO STATO)","TEMO","PG09","V2026.01"
"CA","CAMPEDA (FERROVIE DELLO STATO)","TEMO","TGMAX09","V2026.01"
"CA","CAMPEDA (FERROVIE DELLO STATO)","TEMO","TGMIN09","V2026.01"
"CA","CAMPUOMU (CASERMA)","SA PICOCCA","PG09","V2026.01"
"CA","CAMPUOMU (CASERMA)","SA PICOCCA","TGMAX09","V2026.01"
"CA","CAMPUOMU (CASERMA)","SA PICOCCA","TGMIN09","V2026.01"
"CA","CAMPUOMU (TRAVERSA ACQUEDOTTO PRIVATA)","SA PICOCCA","PG09","V2026.01"
"CA","CAMPUOMU (TRAVERSA ACQUEDOTTO PRIVATA)","SA PICOCCA","TGMAX09","V2026.01"
"CA","CAMPUOMU (TRAVERSA ACQUEDOTTO PRIVATA)","SA PICOCCA","TGMIN09","V2026.01"
"CA","CAPO CACCIA","VARI FRA BARCA E SANTO","PG09","V2026.01"
"CA","CAPO CARBONARA (INFERIORE)","VARI FRA SA PICOCCA E SA PISPISA","PG09","V2026.01"
"CA","CAPO CARBONARA (SUPERIORE)","VARI FRA SA PICOCCA E SA PISPISA","PG09","V2026.01"
"CA","CAPO FERRO","VARI FRA SAN GIOVANNI D'ARZAGHENA E LUANIEDDA","PG09","V2026.01"
"CA","CAPO FIGARI","VARI FRA SAN GIOVANNI D'ARZAGHENA E LUANIEDDA","PG09","V2026.01"
"CA","CAPO SPARTIVENTO","VARI FRA PULA E PALMAS","PG09","V2026.01"
"CA","CAPO SPERONE","ISOLA DI SANT'ANTIOCO","PG09","V2026.01"
"CA","CAPO TESTA","VARI FRA VIGNOLA E LISCIA","PG09","V2026.01"
"CA","CAPOTERRA","SANTA LUCIA","PG09","V2026.01"
"CA","CARALZU (CANTONIERA)","COGHINAS","PG09","V2026.01"
"CA","CARGEGHE","MANNU DI PORTOTORRES","PG09","V2026.01"
"CA","CARLOFORTE","ISOLA DI SAN PIETRO","PG09","V2026.01"
"CA","CARLOFORTE","ISOLA DI SAN PIETRO","TGMAX09","V2026.01"
"CA","CARLOFORTE","ISOLA DI SAN PIETRO","TGMIN09","V2026.01"
"CA","CASA STIDDIOSA","PULA","PG09","V2026.01"
"CA","CASTIADAS (COLONIA PENALE)","SA PICOCCA","PG09","V2026.01"
"CA","CASTIADAS (COLONIA PENALE)","SA PICOCCA","TGMAX09","V2026.01"
"CA","CASTIADAS (COLONIA PENALE)","SA PICOCCA","TGMIN09","V2026.01"
"CA","CEDRINO (CENTRALE PRIVATA)","CEDRINO","PG09","V2026.01"
"CA","CHILIVANI (CABINA)","COGHINAS","PG09","V2026.01"
"CA","CODRONGIANUS","MANNU DI PORTOTORRES","PG09","V2026.01"
"CA","COGHINAS (CANTONIERA)","COGHINAS","PG09","V2026.01"
"CA","CORONGIU (ACQUEDOTTO)","SA PISPISA","PG09","V2026.01"
"CA","CORONGIU (ACQUEDOTTO)","SA PISPISA","TGMAX09","V2026.01"
"CA","CORONGIU (ACQUEDOTTO)","SA PISPISA","TGMIN09","V2026.01"
"CA","CORREBOI (CASERMA)","FLUMENDOSA","PG09","V2026.01"
"CA","COSSATZU CANTONIERA (ARITZO)","TIRSO","PG09","V2026.01"
"CA","COSSATZU CANTONIERA (ARITZO)","TIRSO","TGMAX09","V2026.01"
"CA","COSSATZU CANTONIERA (ARITZO)","TIRSO","TGMIN09","V2026.01"
"CA","CUGLIERI","MANNU DI CUGLIERI","PG09","V2026.01"
"CA","CUGLIERI","MANNU DI CUGLIERI","TGMAX09","V2026.01"
"CA","CUGLIERI","MANNU DI CUGLIERI","TGMIN09","V2026.01"
"CA","CUILI SEU","SA PICOCCA","PG09","V2026.01"
"CA","CURADOREDDU (CANTONIERA)","LISCIA","PG09","V2026.01"
"CA","DECIMOMANNU (FERROVIE DELLO STATO)","FLUMINIMANNU","PG09","V2026.01"
"CA","DECIMOMANNU (VIVAIO FORESTALE)","FLUMINIMANNU","PG09","V2026.01"
"CA","DECIMOMANNU (VIVAIO FORESTALE)","FLUMINIMANNU","TGMAX09","V2026.01"
"CA","DECIMOMANNU (VIVAIO FORESTALE)","FLUMINIMANNU","TGMIN09","V2026.01"
"CA","DESULO","TIRSO","PG09","V2026.01"
"CA","DESULO","TIRSO","TGMAX09","V2026.01"
"CA","DESULO","TIRSO","TGMIN09","V2026.01"
"CA","DESULO-TONARA (STAZIONE)","TIRSO","PG09","V2026.01"
"CA","DOLIANOVA (FERROVIE COMPLEMENTARI)","SASSU O DI SESTU","PG09","V2026.01"
"CA","DOMUS DE MARIA","VARI FRA PULA E PALMAS","PG09","V2026.01"
"CA","DONIGALA SIURGUS","FLUMENDOSA","PG09","V2026.01"
"CA","DONNACORI (CANTONIERA)","TIRSO","PG09","V2026.01"
"CA","DONORI (FERROVIE COMPLEMENTARI)","FLUMINIMANNU","PG09","V2026.01"
"CA","DONORI (SAN MICHELE)","FLUMINIMANNU","PG09","V2026.01"
"CA","DONORI (SAN MICHELE)","FLUMINIMANNU","TGMAX09","V2026.01"
"CA","DONORI (SAN MICHELE)","FLUMINIMANNU","TGMIN09","V2026.01"
"CA","DORGALI","CEDRINO","PG09","V2026.01"
"CA","ELMAS (VIVAIO)","VARI FRA SASSU O DI SESTU E FLUMINIMANNU","PG09","V2026.01"
"CA","ENAS (FERROVIE DELLO STATO)","PADROGIANO","PG09","V2026.01"
"CA","ESCALAPLANO","FLUMENDOSA","PG09","V2026.01"
"CA","ESCALAPLANO","FLUMENDOSA","TGMAX09","V2026.01"
"CA","ESCALAPLANO","FLUMENDOSA","TGMIN09","V2026.01"
"CA","ESTERZILI (FERROVIE COMPLEMENTARI)","FLUMENDOSA","PG09","V2026.01"
"CA","EX TANCA REGIA","TIRSO","PG09","V2026.01"
"CA","FERTILIA","BARCA","PG09","V2026.01"
"CA","FERTILIA","BARCA","TGMAX09","V2026.01"
"CA","FERTILIA","BARCA","TGMIN09","V2026.01"
"CA","FIGURUIA (CANTONIERA)","MANNU DI PORTOTORRES","PG09","V2026.01"
"CA","FIORENTINI (CASERMA)","COGHINAS","PG09","V2026.01"
"CA","FLUMENDOSA DIGA (ENTE FLUMENDOSA)","FLUMENDOSA","PG09","V2026.01"
"CA","FLUMENDOSA DIGA (ENTE FLUMENDOSA)","FLUMENDOSA","TGMAX09","V2026.01"
"CA","FLUMENDOSA DIGA (ENTE FLUMENDOSA)","FLUMENDOSA","TGMIN09","V2026.01"
"CA","FLUMENDOSA PRIMO SALTO (PRIVATA)","SA TEULA","PG09","V2026.01"
"CA","FLUMENTEPIDO (CANTONIERA)","FLUMENTEPIDO","PG09","V2026.01"
"CA","FLUMINI ADAMU (PRIVATA - CASSA PER IL MEZZOGIORNO)","PALMAS","PG09","V2026.01"
"CA","FLUMINI DI QUARTU","VARI FRA SA PISPISA E SASSU O DI SESTU","PG09","V2026.01"
"CA","FLUMINIMAGGIORE","FLUMINIMAGGIORE","PG09","V2026.01"
"CA","FLUMINIMAGGIORE","FLUMINIMAGGIORE","TGMAX09","V2026.01"
"CA","FLUMINIMAGGIORE","FLUMINIMAGGIORE","TGMIN09","V2026.01"
"CA","FONNI","TIRSO","PG09","V2026.01"
"CA","FONNI","TIRSO","TGMAX09","V2026.01"
"CA","FONNI","TIRSO","TGMIN09","V2026.01"
"CA","FONNI (CASA CICALO'-SANNA)","TIRSO","PG09","V2026.01"
"CA","FORDONGIANUS","TIRSO","PG09","V2026.01"
"CA","FORDONGIANUS","TIRSO","TGMAX09","V2026.01"
"CA","FORDONGIANUS","TIRSO","TGMIN09","V2026.01"
"CA","FRAIGAS (CANTONIERA)","COGHINAS","PG09","V2026.01"
"CA","FUNTANA RAMINOSA (MINIERA GADONI)","FLUMENDOSA","PG09","V2026.01"
"CA","GAIRO TARQUISARA (FERROVIE COMPLEMENTARI)","FLUMENDOSA","PG09","V2026.01"
"CA","GALTELLI'","CEDRINO","PG09","V2026.01"
"CA","GAVOI","TIRSO","PG09","V2026.01"
"CA","GENNA CRESIA (CANTONIERA)","PARDU","PG09","V2026.01"
"CA","GENNA SCALAS (CANTONIERA)","PRAMAERA","PG09","V2026.01"
"CA","GENNA SILANA (CANTONIERA)","CODULA DE LUNA","PG09","V2026.01"
"CA","GENNA SILANA (CANTONIERA)","CODULA DE LUNA","TGMAX09","V2026.01"
"CA","GENNA SILANA (CANTONIERA)","CODULA DE LUNA","TGMIN09","V2026.01"
"CA","GENNIOMUS","PALMAS","PG09","V2026.01"
"CA","GENONI","TIRSO","PG09","V2026.01"
"CA","GEREMEAS","VARI FRA SA PICOCCA E SA PISPISA","PG09","V2026.01"
"CA","GERGEI","FLUMINIMANNU","PG09","V2026.01"
"CA","GESICO (FERROVIE COMPLEMENTARI)","FLUMINIMANNU","PG09","V2026.01"
"CA","GHILARZA","TIRSO","PG09","V2026.01"
"CA","GIUSTIZIERI (CANTONIERA)","PRAMAERA","PG09","V2026.01"
"CA","GOLFO ARANCI","VARI FRA SAN GIOVANNI D'ARZAGHENA E LUANIEDDA","PG09","V2026.01"
"CA","GONI","FLUMENDOSA","PG09","V2026.01"
"CA","GONNESA (FERROVIE MERIDIONALI)","VARI FRA FLUMENTEPIDO E FLUMINIMAGGIORE","PG09","V2026.01"
"CA","GONNOSFANADIGA","FLUMINIMANNU DI PABILLONIS","PG09","V2026.01"
"CA","GONNOSFANADIGA","FLUMINIMANNU DI PABILLONIS","TGMAX09","V2026.01"
"CA","GONNOSFANADIGA","FLUMINIMANNU DI PABILLONIS","TGMIN09","V2026.01"
"CA","GOVOSSAI DIGA (CASSA PER IL MEZZOGIORNO)","TIRSO","PG09","V2026.01"
"CA","GOVOSSAI DIGA (CASSA PER IL MEZZOGIORNO)","TIRSO","TGMAX09","V2026.01"
"CA","GOVOSSAI DIGA (CASSA PER IL MEZZOGIORNO)","TIRSO","TGMIN09","V2026.01"
"CA","GUARDIA VECCHIA (SEMAFORO)","ISOLA MADDALENA","PG09","V2026.01"
"CA","GUARDIA VECCHIA (SEMAFORO)","ISOLA MADDALENA","TGMAX09","V2026.01"
"CA","GUARDIA VECCHIA (SEMAFORO)","ISOLA MADDALENA","TGMIN09","V2026.01"
"CA","GUASILA","FLUMINIMANNU","PG09","V2026.01"
"CA","GUZZURRA (MINIERA)","POSADA","PG09","V2026.01"
"CA","IDROVORA 14","VARI FRA MOGORO E TIRSO","PG09","V2026.01"
"CA","IERZU (FERROVIE COMPLEMENTARI)","PARDU","PG09","V2026.01"
"CA","IERZU (FERROVIE COMPLEMENTARI)","PARDU","TGMAX09","V2026.01"
"CA","IERZU (FERROVIE COMPLEMENTARI)","PARDU","TGMIN09","V2026.01"
"CA","IGLESIAS","FLUMINIMANNU","PG09","V2026.01"
"CA","IGLESIAS","FLUMINIMANNU","TGMAX09","V2026.01"
"CA","IGLESIAS","FLUMINIMANNU","TGMIN09","V2026.01"
"CA","ILLORAI","TIRSO","PG09","V2026.01"
"CA","INGURTOSU (MINIERA)","VARI FRA FLUMINIMAGGIONE E PISCINAS","PG09","V2026.01"
"CA","IS ACQUAS","FLUMINIMANNU","PG09","V2026.01"
"CA","IS ACQUAS (SARCIDANO)","FLUMINIMANNU","PG09","V2026.01"
"CA","IS CANNONERIS (CASERMA)","PALMAS","PG09","V2026.01"
"CA","IS CANNONERIS (CASERMA)","PALMAS","TGMAX09","V2026.01"
"CA","IS CANNONERIS (CASERMA)","PALMAS","TGMIN09","V2026.01"
"CA","ISAI","PALMAS","PG09","V2026.01"
"CA","ISILI","FLUMINIMANNU","PG09","V2026.01"
"CA","ISILI (PODERE)","FLUMINIMANNU","PG09","V2026.01"
"CA","ITTIREDDU","COGHINAS","PG09","V2026.01"
"CA","ITTIRI","BARCA","PG09","V2026.01"
"CA","KM 82 CANTONIERA (FERROVIE DELLO STATO)","VARI FRA MOGORO E TIRSO","PG09","V2026.01"
"CA","LA CORTE","VARI FRA BARCA E SANTO","PG09","V2026.01"
"CA","LA MADDALENA","ISOLA MADDALENA","PG09","V2026.01"
"CA","LA MADDALENA","ISOLA MADDALENA","TGMAX09","V2026.01"
"CA","LA MADDALENA","ISOLA MADDALENA","TGMIN09","V2026.01"
"CA","LA MADDALENA (STAZZO)","ISOLA MADDALENA","PG09","V2026.01"
"CA","LACONI (FERROVIE COMPLEMENTARI)","TIRSO","PG09","V2026.01"
"CA","LANUSEI","FODDEDDU","PG09","V2026.01"
"CA","LANUSEI","FODDEDDU","TGMAX09","V2026.01"
"CA","LANUSEI","FODDEDDU","TGMIN09","V2026.01"
"CA","LEI","TIRSO","PG09","V2026.01"
"CA","LODE'","POSADA","PG09","V2026.01"
"CA","LULA","POSADA","PG09","V2026.01"
"CA","LUNAMATRONA (FERROVIE COMPLEMENTARI)","FLUMINIMANNU","PG09","V2026.01"
"CA","LUOGOSANTO","LISCIA","PG09","V2026.01"
"CA","LUOGOSANTO","LISCIA","TGMAX09","V2026.01"
"CA","LUOGOSANTO","LISCIA","TGMIN09","V2026.01"
"CA","MACCIADOSA (CANTONIERA)","MANNU DI PORTOTORRES","PG09","V2026.01"
"CA","MACOMER (FERROVIE DELLO STATO)","TIRSO","PG09","V2026.01"
"CA","MACOMER (FERROVIE DELLO STATO)","TIRSO","TGMAX09","V2026.01"
"CA","MACOMER (FERROVIE DELLO STATO)","TIRSO","TGMIN09","V2026.01"
"CA","MAMOIADA","CEDRINO","PG09","V2026.01"
"CA","MAMONE (COLONIA PENALE)","POSADA","PG09","V2026.01"
"CA","MANDAS (FERROVIE COMPLEMENTARI)","FLUMINIMANNU","PG09","V2026.01"
"CA","MANDAS (FERROVIE COMPLEMENTARI)","FLUMINIMANNU","TGMAX09","V2026.01"
"CA","MANDAS (FERROVIE COMPLEMENTARI)","FLUMINIMANNU","TGMIN09","V2026.01"
"CA","MARGANAI (MINIERA)","FLUMINIMANNU","PG09","V2026.01"
"CA","MARRUBIU (CANTONIERA)","VARI FRA MOGORO E TIRSO","PG09","V2026.01"
"CA","MARTIS","COGHINAS","PG09","V2026.01"
"CA","MASAINAS (ENTE FLUMENDOSA)","FLUMINIMANNU","PG09","V2026.01"
"CA","MASAINAS (ENTE FLUMENDOSA)","FLUMINIMANNU","TGMAX09","V2026.01"
"CA","MASAINAS (ENTE FLUMENDOSA)","FLUMINIMANNU","TGMIN09","V2026.01"
"CA","MASONEDILI (CANTONIERA)","QUIRRA","PG09","V2026.01"
"CA","MASUA (MINIERA)","VARI FRA FLUMENTEPIDO E FLUMINIMAGGIORE","PG09","V2026.01"
"CA","MAZZINAIU (CANTONIERA)","COGHINAS","PG09","V2026.01"
"CA","MEANA SARDO","TIRSO","PG09","V2026.01"
"CA","MEANA SARDO","TIRSO","TGMAX09","V2026.01"
"CA","MEANA SARDO","TIRSO","TGMIN09","V2026.01"
"CA","MOGORELLA","TIRSO","PG09","V2026.01"
"CA","MOGORO","MOGORO","PG09","V2026.01"
"CA","MOGORO (DIGA)","MOGORO","TGMAX09","V2026.01"
"CA","MOGORO (DIGA)","MOGORO","TGMIN09","V2026.01"
"CA","MONTE ACUTO (CANTONIERA)","SA PICOCCA","PG09","V2026.01"
"CA","MONTE ARRUBIU","SASSU O DI SESTU","PG09","V2026.01"
"CA","MONTE PEDROSU SUAREDDA (CANTONIERA)","VARI FRA PADROGIANO E POSADA","PG09","V2026.01"
"CA","MONTE URI (CANTONIERA)","COGHINAS","PG09","V2026.01"
"CA","MONTEPONI (MINIERA)","VARI FRA FLUMENTEPIDO E FLUMINIMAGGIORE","PG09","V2026.01"
"CA","MONTES (CASERMA FORESTALE)","CEDRINO","PG09","V2026.01"
"CA","MONTEVECCHIO (MINIERA)","PISCINAS","PG09","V2026.01"
"CA","MONTI","COGHINAS","PG09","V2026.01"
"CA","MONTI","COGHINAS","TGMAX09","V2026.01"
"CA","MONTI","COGHINAS","TGMIN09","V2026.01"
"CA","MONTI NIEDDU","VARI FRA PULA E PALMAS","PG09","V2026.01"
"CA","MONTIMANNU (CASERMA)","FLUMINIMANNU","PG09","V2026.01"
"CA","MONTIMANNU (CASERMA)","FLUMINIMANNU","TGMAX09","V2026.01"
"CA","MONTIMANNU (CASERMA)","FLUMINIMANNU","TGMIN09","V2026.01"
"CA","MONTRESTA","TEMO","PG09","V2026.01"
"CA","MONTRESTA (SCUOLA AGRARIA)","TEMO","PG09","V2026.01"
"CA","MORES","COGHINAS","PG09","V2026.01"
"CA","MORES","COGHINAS","TGMAX09","V2026.01"
"CA","MORES","COGHINAS","TGMIN09","V2026.01"
"CA","MUDEGIU (CANTONIERA)","TEMO","PG09","V2026.01"
"CA","MULARGIA DIGA (ENTE FLUMENDOSA)","FLUMENDOSA","PG09","V2026.01"
"CA","MULARGIA DIGA (ENTE FLUMENDOSA)","FLUMENDOSA","TGMAX09","V2026.01"
"CA","MULARGIA DIGA (ENTE FLUMENDOSA)","FLUMENDOSA","TGMIN09","V2026.01"
"CA","MURAVERA","FLUMENDOSA","PG09","V2026.01"
"CA","MURAVERA","FLUMENDOSA","TGMAX09","V2026.01"
"CA","MURAVERA","FLUMENDOSA","TGMIN09","V2026.01"
"CA","MURDEGA (OVILE)","FLUMENDOSA","PG09","V2026.01"
"CA","MURTA MARIA (CANTONIERA)","VARI FRA PADROGIANO E POSADA","PG09","V2026.01"
"CA","MUZZONE (DIGA)","COGHINAS","PG09","V2026.01"
"CA","MUZZONE (DIGA)","COGHINAS","TGMAX09","V2026.01"
"CA","MUZZONE (DIGA)","COGHINAS","TGMIN09","V2026.01"
"CA","NARCAO","PALMAS","PG09","V2026.01"
"CA","NARCAO","PALMAS","TGMAX09","V2026.01"
"CA","NARCAO","PALMAS","TGMIN09","V2026.01"
"CA","NEBIDA","VARI FRA FLUMENTEPIDO E FLUMINIMAGGIORE","PG09","V2026.01"
"CA","NOCE SECCA (CANTONIERA)","CEDRINO","PG09","V2026.01"
"CA","NORAGUGUME","TIRSO","PG09","V2026.01"
"CA","NUGHEDU SANTA VITTORIA","TIRSO","PG09","V2026.01"
"CA","NULVI","COGHINAS","PG09","V2026.01"
"CA","NUORO","CEDRINO","PG09","V2026.01"
"CA","NUORO","CEDRINO","TGMAX09","V2026.01"
"CA","NUORO","CEDRINO","TGMIN09","V2026.01"
"CA","NURAGHE PRANU ANTONI (DIGA FORDONGIANU PRIVATA)","TIRSO","PG09","V2026.01"
"CA","NURAMINIS","FLUMINIMANNU","PG09","V2026.01"
"CA","NURRA (MINIERA)","VARI FRA BARCA E SANTO","PG09","V2026.01"
"CA","NURRI (FERROVIE COMPLEMENTARI)","FLUMENDOSA","PG09","V2026.01"
"CA","NURRI (FERROVIE COMPLEMENTARI)","FLUMENDOSA","TGMAX09","V2026.01"
"CA","NURRI (FERROVIE COMPLEMENTARI)","FLUMENDOSA","TGMIN09","V2026.01"
"CA","NUXIS","PALMAS","PG09","V2026.01"
"CA","OLBIA","VARI FRA SAN GIOVANNI D'ARZAGHENA E LUANIEDDA","PG09","V2026.01"
"CA","OLBIA","VARI FRA SAN GIOVANNI D'ARZAGHENA E LUANIEDDA","TGMAX09","V2026.01"
"CA","OLBIA","VARI FRA SAN GIOVANNI D'ARZAGHENA E LUANIEDDA","TGMIN09","V2026.01"
"CA","OLIENA","CEDRINO","PG09","V2026.01"
"CA","OLMEDO (FERROVIE COMPLEMENTARI)","BARCA","PG09","V2026.01"
"CA","OLZAI","TIRSO","PG09","V2026.01"
"CA","ORANI","TIRSO","PG09","V2026.01"
"CA","ORBAI (MINIERA)","FLUMINIMANNU","PG09","V2026.01"
"CA","ORGOSOLO","CEDRINO","PG09","V2026.01"
"CA","ORISTANO (FERROVIE DELLO STATO)","VARI FRA MOGORO E TIRSO","PG09","V2026.01"
"CA","OROSEI","VARI FRA CEDRINO E CODULA DE LUNA","PG09","V2026.01"
"CA","OROSEI","VARI FRA CEDRINO E CODULA DE LUNA","TGMAX09","V2026.01"
"CA","OROSEI","VARI FRA CEDRINO E CODULA DE LUNA","TGMIN09","V2026.01"
"CA","OROTELLI","TIRSO","PG09","V2026.01"
"CA","ORTUABIS FUNTANAMELA (FERROVIE COMPLEMENTARI)","TIRSO","PG09","V2026.01"
"CA","ORTUERI","TIRSO","PG09","V2026.01"
"CA","ORUNE","CEDRINO","PG09","V2026.01"
"CA","ORUNE","CEDRINO","TGMAX09","V2026.01"
"CA","ORUNE","CEDRINO","TGMIN09","V2026.01"
"CA","OSCHIRI","COGHINAS","PG09","V2026.01"
"CA","OSCHIRI","COGHINAS","TGMAX09","V2026.01"
"CA","OSCHIRI","COGHINAS","TGMIN09","V2026.01"
"CA","OSIDDA (FERROVIE COMPLEMENTARI)","TIRSO","PG09","V2026.01"
"CA","OSILO","MANNU DI PORTOTORRES","PG09","V2026.01"
"CA","OTTANA","TIRSO","PG09","V2026.01"
"CA","OVODDA","TIRSO","PG09","V2026.01"
"CA","OZIERI","COGHINAS","PG09","V2026.01"
"CA","OZIERI","COGHINAS","TGMAX09","V2026.01"
"CA","OZIERI","COGHINAS","TGMIN09","V2026.01"
"CA","PABILLONIS (FERROVIE DELLO STATO)","FLUMINIMANNU DI PABILLONIS","PG09","V2026.01"
"CA","PABILLONIS (PAESE)","FLUMINIMANNU DI PABILLONIS","PG09","V2026.01"
"CA","PADRU","PADROGIANO","PG09","V2026.01"
"CA","PADULEDDA","VARI FRA COGHINAS E VIGNOLA","PG09","V2026.01"
"CA","PADULO (CANTONIERA)","LISCIA","PG09","V2026.01"
"CA","PALAU","VARI FRA LISCIA E SAN GIOVANNI D'ARZAGHENA","PG09","V2026.01"
"CA","PALMAS CANTONIERA (SUERGIU)","PALMAS","PG09","V2026.01"
"CA","PALMAS CANTONIERA (SUERGIU)","PALMAS","TGMAX09","V2026.01"
"CA","PALMAS CANTONIERA (SUERGIU)","PALMAS","TGMIN09","V2026.01"
"CA","PALUDU (CANTONIERA)","CEDRINO","PG09","V2026.01"
"CA","PANTALEO","PALMAS","PG09","V2026.01"
"CA","PATTADA (FERROVIE COMPLEMENTARI)","COGHINAS","PG09","V2026.01"
"CA","PAULILATINO","TIRSO","PG09","V2026.01"
"CA","PEDREDU (CANTONIERA)","COGHINAS","PG09","V2026.01"
"CA","PERDASDEFOGU","QUIRRA","PG09","V2026.01"
"CA","PERDASDEFOGU","QUIRRA","TGMAX09","V2026.01"
"CA","PERDASDEFOGU","QUIRRA","TGMIN09","V2026.01"
"CA","PERFUGAS","COGHINAS","PG09","V2026.01"
"CA","PIMPISU TENUTA (ENTE FLUMENDOSA)","FLUMINIMANNU","PG09","V2026.01"
"CA","PIMPISU TENUTA (ENTE FLUMENDOSA)","FLUMINIMANNU","TGMAX09","V2026.01"
"CA","PIMPISU TENUTA (ENTE FLUMENDOSA)","FLUMINIMANNU","TGMIN09","V2026.01"
"CA","PIRA DE ONNI (CANTONIERA)","FLUMENDOSA","PG09","V2026.01"
"CA","PISCINAMANNA (CASERMA)","PULA","PG09","V2026.01"
"CA","PISCINAMANNA (CASERMA)","PULA","TGMAX09","V2026.01"
"CA","PISCINAMANNA (CASERMA)","PULA","TGMIN09","V2026.01"
"CA","PLANU (CANTONIERA)","MANNU DI PORTOTORRES","PG09","V2026.01"
"CA","PLANU LADU (CANTONIERA)","COGHINAS","PG09","V2026.01"
"CA","PLANUSANGUNI (CANTONIERA)","FLUMINIMANNU","PG09","V2026.01"
"CA","PLANUSANGUNI (COLONIA MONTANA)","FLUMINIMANNU","PG09","V2026.01"
"CA","PLANUSANGUNI (COLONIA MONTANA)","FLUMINIMANNU","TGMAX09","V2026.01"
"CA","PLANUSANGUNI (COLONIA MONTANA)","FLUMINIMANNU","TGMIN09","V2026.01"
"CA","PLATAMONA","VARI FRA MANNU DI PORTO TORRES E SORSO","PG09","V2026.01"
"CA","PLOAGHE","MANNU DI PORTOTORRES","PG09","V2026.01"
"CA","PLOAGHE (FERROVIE DELLO STATO)","MANNU DI PORTOTORRES","PG09","V2026.01"
"CA","PONTE MERCHIS (CANTONIERA)","TIRSO","PG09","V2026.01"
"CA","PONTE RIO TERRA MAISTUS (CASSA PER IL MEZZOGIORNO)","FLUMINIMANNU DI PABILLONIS","PG09","V2026.01"
"CA","PONTE SAN PAOLO KM 121 SS 125 (CASSA PER IL MEZZOGIORNO)","PARDU","PG09","V2026.01"
"CA","PORTO PINO","VARI FRA PULA E PALMAS","PG09","V2026.01"
"CA","PORTO TORRES","VARI FRA MANNU DI PORTO TORRES E SORSO","PG09","V2026.01"
"CA","PORTO VESME","VARI FRA FLUMENTEPIDO E FLUMINIMAGGIORE","PG09","V2026.01"
"CA","PORTOSCUSO (GIA' PORTO VESME)","VARI FRA FLUMENTEPIDO E FLUMINIMAGGIORE","PG09","V2026.01"
"CA","POSADA (CANTONIERA)","CEDRINO","PG09","V2026.01"
"CA","POZZOMAGGIORE","TEMO","PG09","V2026.01"
"CA","PRANU ANTONI","TIRSO","PG09","V2026.01"
"CA","PRANU ANTONI","TIRSO","TGMAX09","V2026.01"
"CA","PRANU ANTONI","TIRSO","TGMIN09","V2026.01"
"CA","PRATOBELLO (CASSA PER IL MEZZOGIORNO)","TIRSO","PG09","V2026.01"
"CA","PRATOBELLO (CASSA PER IL MEZZOGIORNO)","TIRSO","TGMAX09","V2026.01"
"CA","PRATOBELLO (CASSA PER IL MEZZOGIORNO)","TIRSO","TGMIN09","V2026.01"
"CA","PULA","PULA","PG09","V2026.01"
"CA","PUNTA GENNARTA (DIGA)","FLUMINIMANNU","PG09","V2026.01"
"CA","PUNTA GENNARTA (DIGA)","FLUMINIMANNU","TGMAX09","V2026.01"
"CA","PUNTA GENNARTA (DIGA)","FLUMINIMANNU","TGMIN09","V2026.01"
"CA","PUNTA SA STRIA (CASSA PER IL MEZZOGIORNO)","PULA","PG09","V2026.01"
"CA","PUTIFIGARI","BARCA","PG09","V2026.01"
"CA","PUTZOLU (CANTONIERA)","LUANIEDDA","PG09","V2026.01"
"CA","PUTZU IDU","VARI FRA TIRSO E MANNU DI SANTULUSSURGIU","PG09","V2026.01"
"CA","REINAMARE (CANTONIERA)","TEMO","PG09","V2026.01"
"CA","RIFORNITORE N. 10 FERROVIE COMPLEMENTARI","PADROGIANO","PG09","V2026.01"
"CA","RIFORNITORE TIRSO (CANTONIERA)","TIRSO","PG09","V2026.01"
"CA","RIFORNITORE TIRSO (CANTONIERA)","TIRSO","TGMAX09","V2026.01"
"CA","RIFORNITORE TIRSO (CANTONIERA)","TIRSO","TGMIN09","V2026.01"
"CA","RIO CAMBONI","FLUMINIMANNU","PG09","V2026.01"
"CA","RIO DE PARDIA (PRIVATA)","QUIRRA","PG09","V2026.01"
"CA","RIO GIRONI (CANTONIERA)","VARI FRA QUIRRA E FLUMENDOSA","PG09","V2026.01"
"CA","RIO PERDOSU DIGA (PRIVATA)","PULA","PG09","V2026.01"
"CA","RIO PERDOSU DIGA (PRIVATA)","PULA","TGMAX09","V2026.01"
"CA","RIO PERDOSU DIGA (PRIVATA)","PULA","TGMIN09","V2026.01"
"CA","RIO TORREI (CASSA PER IL MEZZOGIORNO)","TIRSO","PG09","V2026.01"
"CA","RIO TORREI (CASSA PER IL MEZZOGIORNO)","TIRSO","TGMAX09","V2026.01"
"CA","RIO TORREI (CASSA PER IL MEZZOGIORNO)","TIRSO","TGMIN09","V2026.01"
"CA","RIOLA SARDO","VARI FRA TIRSO E MANNU DI SANTULUSSURGIU","PG09","V2026.01"
"CA","ROMANA","TEMO","PG09","V2026.01"
"CA","ROSAS (MINIERA)","PALMAS","PG09","V2026.01"
"CA","RUDAS (CANTONIERA)","BARCA","PG09","V2026.01"
"CA","SA DUCHESSA (MINIERA)","FLUMINIMANNU","PG09","V2026.01"
"CA","SA FORADA DE S'ACQUA (ENTE FLUMENDOSA)","FLUMINIMANNU","PG09","V2026.01"
"CA","SA FORADA DE S'ACQUA (ENTE FLUMENDOSA)","FLUMINIMANNU","TGMAX09","V2026.01"
"CA","SA FORADA DE S'ACQUA (ENTE FLUMENDOSA)","FLUMINIMANNU","TGMIN09","V2026.01"
"CA","SA MENDULA (CANTONIERA)","CEDRINO","PG09","V2026.01"
"CA","SA PIRA (CASERMA)","VARI FRA SA PISPISA E SASSU O DI SESTU","PG09","V2026.01"
"CA","SA PIRA (CASERMA)","VARI FRA SA PISPISA E SASSU O DI SESTU","TGMAX09","V2026.01"
"CA","SA PIRA (CASERMA)","VARI FRA SA PISPISA E SASSU O DI SESTU","TGMIN09","V2026.01"
"CA","SA TEULA (CENTRALE)","SA TEULA","PG09","V2026.01"
"CA","S'ACQUACOTTA (CANTONIERA)","FLUMINIMANNU","PG09","V2026.01"
"CA","SADALI (FERROVIE COMPLEMENTARI)","FLUMENDOSA","PG09","V2026.01"
"CA","SAMUGHEO","TIRSO","PG09","V2026.01"
"CA","SAN BENEDETTO (MINIERA)","FLUMINIMANNU","PG09","V2026.01"
"CA","SAN COSIMO (CASSA PER IL MEZZOGIORNO)","FLUMINIMANNU DI PABILLONIS","PG09","V2026.01"
"CA","SAN FRANCESCO D'AGLIENTU","VARI FRA VIGNOLA E LISCIA","PG09","V2026.01"
"CA","SAN GAVINO MONREALE","FLUMINIMANNU DI PABILLONIS","PG09","V2026.01"
"CA","SAN GIORGIO FERMATA (FERROVIE COMPLEMENTARI)","MANNU DI PORTOTORRES","PG09","V2026.01"
"CA","SAN GIOVANNI (DOMUSNOVAS)","FLUMINIMANNU","PG09","V2026.01"
"CA","SAN GIOVANNI BITTI (CANTONIERA)","TIRSO","PG09","V2026.01"
"CA","SAN GIOVANNI COGHINAS (CANTONIERA)","VARI FRA SORSO E COGHINAS","PG09","V2026.01"
"CA","SAN GIOVANNI COGHINAS (CANTONIERA)","VARI FRA SORSO E COGHINAS","TGMAX09","V2026.01"
"CA","SAN GIOVANNI COGHINAS (CANTONIERA)","VARI FRA SORSO E COGHINAS","TGMIN09","V2026.01"
"CA","SAN GIOVANNI SUERGIU","PALMAS","PG09","V2026.01"
"CA","SAN GIOVANNI SUERGIU","PALMAS","TGMAX09","V2026.01"
"CA","SAN GIOVANNI SUERGIU","PALMAS","TGMIN09","V2026.01"
"CA","SAN NICOLO' GERREI","FLUMENDOSA","PG09","V2026.01"
"CA","SAN PANTALEO","SAN GIOVANNI D'ARZAGHENA","PG09","V2026.01"
"CA","SAN PRIAMO","SA PICOCCA","PG09","V2026.01"
"CA","SAN TEODORO (CANTONIERA)","VARI FRA PADROGIANO E POSADA","PG09","V2026.01"
"CA","SANLURI (FERROVIE COMPLEMENTARI)","FLUMINIMANNU","PG09","V2026.01"
"CA","SANLURI (FERROVIE DELLO STATO)","FLUMINIMANNU","PG09","V2026.01"
"CA","SANLURI (OPERA NAZIONALE COMBATTENTI)","FLUMINIMANNU","PG09","V2026.01"
"CA","SANLURI (OPERA NAZIONALE COMBATTENTI)","FLUMINIMANNU","TGMAX09","V2026.01"
"CA","SANLURI (OPERA NAZIONALE COMBATTENTI)","FLUMINIMANNU","TGMIN09","V2026.01"
"CA","SANLURI (STABILIMENTO VITTORIO EMANUELE)","FLUMINIMANNU","PG09","V2026.01"
"CA","SANLURI (STABILIMENTO VITTORIO EMANUELE)","FLUMINIMANNU","TGMAX09","V2026.01"
"CA","SANLURI (STABILIMENTO VITTORIO EMANUELE)","FLUMINIMANNU","TGMIN09","V2026.01"
"CA","SANTA ANNUNZIATA","POSADA","PG09","V2026.01"
"CA","SANTA BARBARA (CANTONIERA)","QUIRRA","PG09","V2026.01"
"CA","SANTA BARBARA (ULASSAI)","FLUMENDOSA","PG09","V2026.01"
"CA","SANTA CHIARA D'ULA","TIRSO","PG09","V2026.01"
"CA","SANTA CHIARA D'ULA","TIRSO","TGMAX09","V2026.01"
"CA","SANTA CHIARA D'ULA","TIRSO","TGMIN09","V2026.01"
"CA","SANTA GIUSTA","VARI FRA MOGORO E TIRSO","PG09","V2026.01"
"CA","SANTA GIUSTA","VARI FRA MOGORO E TIRSO","TGMAX09","V2026.01"
"CA","SANTA GIUSTA","VARI FRA MOGORO E TIRSO","TGMIN09","V2026.01"
"CA","SANTA LUCIA DI BONORVA","COGHINAS","PG09","V2026.01"
"CA","SANTA LUCIA DI BONORVA","COGHINAS","TGMAX09","V2026.01"
"CA","SANTA LUCIA DI BONORVA","COGHINAS","TGMIN09","V2026.01"
"CA","SANTA LUCIA DI SINISCOLA (CANTONIERA)","VARI FRA SINISCOLA E CEDRINO","PG09","V2026.01"
"CA","SANTA LUCIA DI SINISCOLA (CANTONIERA)","VARI FRA SINISCOLA E CEDRINO","TGMAX09","V2026.01"
"CA","SANTA LUCIA DI SINISCOLA (CANTONIERA)","VARI FRA SINISCOLA E CEDRINO","TGMIN09","V2026.01"
"CA","SANTA MARIA COGHINAS (CANTONIERA)","COGHINAS","PG09","V2026.01"
"CA","SANTA MARIA D'ARZAGHENA","SAN GIOVANNI D'ARZAGHENA","PG09","V2026.01"
"CA","SANTA MARIA DI NEAPOLIS","MOGORO","PG09","V2026.01"
"CA","SANTA SOFIA","TIRSO","PG09","V2026.01"
"CA","SANTA SOFIA","TIRSO","TGMAX09","V2026.01"
"CA","SANTA SOFIA","TIRSO","TGMIN09","V2026.01"
"CA","SANTA TERESA GALLURA","VARI FRA VIGNOLA E LISCIA","PG09","V2026.01"
"CA","SANTA VITTORIA (DIGA)","TIRSO","PG09","V2026.01"
"CA","SANTADI","PALMAS","PG09","V2026.01"
"CA","SANTADI","PALMAS","TGMAX09","V2026.01"
"CA","SANTADI","PALMAS","TGMIN09","V2026.01"
"CA","SANT'ANDREA FRIUS","FLUMINIMANNU","PG09","V2026.01"
"CA","SANT'ANNA ARRESI","VARI FRA PULA E PALMAS","PG09","V2026.01"
"CA","SANT'ANNA ORISTANO (CANTONIERA)","VARI FRA MOGORO E TIRSO","PG09","V2026.01"
"CA","SANT'ANNA ORISTANO (CANTONIERA)","VARI FRA MOGORO E TIRSO","TGMAX09","V2026.01"
"CA","SANT'ANNA ORISTANO (CANTONIERA)","VARI FRA MOGORO E TIRSO","TGMIN09","V2026.01"
"CA","SANT'ANNA SINISCOLA (CANTONIERA)","SINISCOLA","PG09","V2026.01"
"CA","SANT'ANTIOCO","ISOLA DI SANT'ANTIOCO","PG09","V2026.01"
"CA","SANT'ANTIOCO DI ORGOSOLO","CEDRINO","PG09","V2026.01"
"CA","SANT'ANTONIO CALANGIANUS (DIGA LISCIA - CASSA PER IL MEZZOGIORNO)","LISCIA","PG09","V2026.01"
"CA","SANT'ANTONIO CALANGIANUS (DIGA LISCIA - CASSA PER IL MEZZOGIORNO)","LISCIA","TGMAX09","V2026.01"
"CA","SANT'ANTONIO CALANGIANUS (DIGA LISCIA - CASSA PER IL MEZZOGIORNO)","LISCIA","TGMIN09","V2026.01"
"CA","SANTULUSSURGIU","MANNU DI SANTULUSSURGIU","PG09","V2026.01"
"CA","SANTULUSSURGIU","MANNU DI SANTULUSSURGIU","TGMAX09","V2026.01"
"CA","SANTULUSSURGIU","MANNU DI SANTULUSSURGIU","TGMIN09","V2026.01"
"CA","SARCIDANO-ISILI (COLONIA PENALE)","FLUMINIMANNU","PG09","V2026.01"
"CA","SARCIDANO-ISILI (COLONIA PENALE)","FLUMINIMANNU","TGMAX09","V2026.01"
"CA","SARCIDANO-ISILI (COLONIA PENALE)","FLUMINIMANNU","TGMIN09","V2026.01"
"CA","SARDARA","FLUMINIMANNU DI PABILLONIS","PG09","V2026.01"
"CA","S'ARENA (CANTONIERA)","TIRSO","PG09","V2026.01"
"CA","SARROK","FLUMINIMANNU","TGMAX09","V2026.01"
"CA","SARROK","FLUMINIMANNU","TGMIN09","V2026.01"
"CA","SASSARI","MANNU DI PORTOTORRES","PG09","V2026.01"
"CA","SASSARI","MANNU DI PORTOTORRES","TGMAX09","V2026.01"
"CA","SASSARI","MANNU DI PORTOTORRES","TGMIN09","V2026.01"
"CA","SASSARI (GENIO CIVILE)","MANNU DI PORTOTORRES","PG09","V2026.01"
"CA","SASSARI (GENIO CIVILE)","MANNU DI PORTOTORRES","TGMAX09","V2026.01"
"CA","SASSARI (GENIO CIVILE)","MANNU DI PORTOTORRES","TGMIN09","V2026.01"
"CA","SASSARI (REGIA UNIVERSITA')","MANNU DI PORTOTORRES","PG09","V2026.01"
"CA","SASSARI (REGIA UNIVERSITA')","MANNU DI PORTOTORRES","TGMAX09","V2026.01"
"CA","SASSARI (REGIA UNIVERSITA')","MANNU DI PORTOTORRES","TGMIN09","V2026.01"
"CA","SASSU (IDROVORA)","VARI FRA MOGORO E TIRSO","PG09","V2026.01"
"CA","SEDILO","TIRSO","PG09","V2026.01"
"CA","SEDILO","TIRSO","TGMAX09","V2026.01"
"CA","SEDILO","TIRSO","TGMIN09","V2026.01"
"CA","SEDINI","COGHINAS","PG09","V2026.01"
"CA","SEGARIU","FLUMINIMANNU","PG09","V2026.01"
"CA","SENEGHE","MANNU DI SANTULUSSURGIU","PG09","V2026.01"
"CA","SENNORI","VARI FRA MANNU DI PORTO TORRES E SORSO","PG09","V2026.01"
"CA","SENORBI' (FERROVIE COMPLEMENTARI)","FLUMINIMANNU","PG09","V2026.01"
"CA","SERRA S'ILIXI (MINIERA)","SA PICOCCA","PG09","V2026.01"
"CA","SERRA S'ILIXI (MINIERA)","SA PICOCCA","TGMAX09","V2026.01"
"CA","SERRA S'ILIXI (MINIERA)","SA PICOCCA","TGMIN09","V2026.01"
"CA","SERRENTI (ENTE FLUMENDOSA)","FLUMINIMANNU","PG09","V2026.01"
"CA","SERRENTI (ENTE FLUMENDOSA)","FLUMINIMANNU","TGMAX09","V2026.01"
"CA","SERRENTI (ENTE FLUMENDOSA)","FLUMINIMANNU","TGMIN09","V2026.01"
"CA","SESTU (CANTONIERA)","VARI FRA SASSU O DI SESTU E FLUMINIMANNU","PG09","V2026.01"
"CA","SETTIMO SAN PIETRO (FERROVIE COMPLEMENTARI)","VARI FRA SA PISPISA E SASSU O DI SESTU","PG09","V2026.01"
"CA","SEUI (FERROVIE COMPLEMENTARI)","FLUMENDOSA","PG09","V2026.01"
"CA","SEULO","FLUMENDOSA","PG09","V2026.01"
"CA","SFOSSATO (CANTONIERA)","LISCIA","PG09","V2026.01"
"CA","SICCA D'ERBA (CANTONIERA)","FLUMENDOSA","PG09","V2026.01"
"CA","SIGNORA MARTA (CANTONIERA)","TIRSO","PG09","V2026.01"
"CA","SILANUS","TIRSO","PG09","V2026.01"
"CA","SILIQUA","FLUMINIMANNU","PG09","V2026.01"
"CA","SIMAXIS","TIRSO","PG09","V2026.01"
"CA","SINDIA","TEMO","PG09","V2026.01"
"CA","SINNAI (SA PIRA)","VARI FRA SA PISPISA E SASSU O DI SESTU","PG09","V2026.01"
"CA","SORGONO (FERROVIE COMPLEMENTARI)","TIRSO","PG09","V2026.01"
"CA","SOS CANALES DIGA (CASSA PER IL MEZZOGIORNO)","TIRSO","PG09","V2026.01"
"CA","SOS CANALES DIGA (CASSA PER IL MEZZOGIORNO)","TIRSO","TGMAX09","V2026.01"
"CA","SOS CANALES DIGA (CASSA PER IL MEZZOGIORNO)","TIRSO","TGMIN09","V2026.01"
"CA","STINTINO","VARI FRA BARCA E SANTO","PG09","V2026.01"
"CA","STINTINO","VARI FRA BARCA E SANTO","TGMAX09","V2026.01"
"CA","STINTINO","VARI FRA BARCA E SANTO","TGMIN09","V2026.01"
"CA","SU GRUMINI (CANTONIERA)","CEDRINO","PG09","V2026.01"
"CA","SU NODULADU","COGHINAS","PG09","V2026.01"
"CA","SU ZURFURU (MINIERA)","FLUMINIMAGGIORE","PG09","V2026.01"
"CA","SUAREDDA","VARI FRA PADROGIANO E POSADA","PG09","V2026.01"
"CA","SUAREDDA","VARI FRA PADROGIANO E POSADA","TGMAX09","V2026.01"
"CA","SUAREDDA","VARI FRA PADROGIANO E POSADA","TGMIN09","V2026.01"
"CA","TACCU ZIPPIRI (CABINA)","FLUMENDOSA","PG09","V2026.01"
"CA","TACCU ZIPPIRI (CABINA)","FLUMENDOSA","TGMAX09","V2026.01"
"CA","TACCU ZIPPIRI (CABINA)","FLUMENDOSA","TGMIN09","V2026.01"
"CA","TADASUNI","TIRSO","PG09","V2026.01"
"CA","TALANA","PRAMAERA","PG09","V2026.01"
"CA","TARONI (CANTONIERA)","PADROGIANO","PG09","V2026.01"
"CA","TEGA (CANTONIERA)","VARI FRA PISCHINAPIU E MANNU DI CUGLIERI","PG09","V2026.01"
"CA","TELTI","LUANIEDDA","PG09","V2026.01"
"CA","TEMPIO","LISCIA","PG09","V2026.01"
"CA","TEMPIO","LISCIA","TGMAX09","V2026.01"
"CA","TEMPIO","LISCIA","TGMIN09","V2026.01"
"CA","TERRACCIU (CASSA PER IL MEZZOGIORNO)","PALMAS","PG09","V2026.01"
"CA","TERRALBA","MOGORO","PG09","V2026.01"
"CA","TERRANOVA PAUSANIA","VARI FRA SAN GIOVANNI D'ARZAGHENA E LUANIEDDA","PG09","V2026.01"
"CA","TERRANOVA PAUSANIA","VARI FRA SAN GIOVANNI D'ARZAGHENA E LUANIEDDA","TGMAX09","V2026.01"
"CA","TERRANOVA PAUSANIA","VARI FRA SAN GIOVANNI D'ARZAGHENA E LUANIEDDA","TGMIN09","V2026.01"
"CA","TERRASEU","PALMAS","PG09","V2026.01"
"CA","TERTENIA","QUIRRA","PG09","V2026.01"
"CA","TEULADA","VARI FRA PULA E PALMAS","PG09","V2026.01"
"CA","THIESI","MANNU DI PORTOTORRES","PG09","V2026.01"
"CA","TIANA","TIRSO","PG09","V2026.01"
"CA","TONARA","TIRSO","PG09","V2026.01"
"CA","TORPE'","POSADA","PG09","V2026.01"
"CA","TORPE'","POSADA","TGMAX09","V2026.01"
"CA","TORPE'","POSADA","TGMIN09","V2026.01"
"CA","TORRALBA","COGHINAS","PG09","V2026.01"
"CA","TORRALBA (FERROVIE DELLO STATO)","COGHINAS","PG09","V2026.01"
"CA","TORTOLI'","VARI FRA SA TEULA E FODDEDDU","PG09","V2026.01"
"CA","TRAVERSA DORGALI (CANTONIERA)","CEDRINO","PG09","V2026.01"
"CA","TRESNURAGHES (FERROVIE COMPLEMENTARI)","MANNU DI CUGLIERI","PG09","V2026.01"
"CA","TRINITA' D'AGULTU","VARI FRA COGHINAS E VIGNOLA","PG09","V2026.01"
"CA","TULA","COGHINAS","PG09","V2026.01"
"CA","TULA","COGHINAS","TGMAX09","V2026.01"
"CA","TULA","COGHINAS","TGMIN09","V2026.01"
"CA","TUVIOIS (MINIERA)","SA PICOCCA","PG09","V2026.01"
"CA","TUVIOIS (MINIERA)","SA PICOCCA","TGMAX09","V2026.01"
"CA","TUVIOIS (MINIERA)","SA PICOCCA","TGMIN09","V2026.01"
"CA","URAS (FERROVIE DELLO STATO)","MOGORO","PG09","V2026.01"
"CA","URI","MANNU DI PORTOTORRES","PG09","V2026.01"
"CA","USSASSAI","FLUMENDOSA","PG09","V2026.01"
"CA","UTA (CENTRO REGIONALE AGRARIO SPERIMENTALE)","FLUMINIMANNU","PG09","V2026.01"
"CA","UTA (CENTRO REGIONALE AGRARIO SPERIMENTALE)","FLUMINIMANNU","TGMAX09","V2026.01"
"CA","UTA (CENTRO REGIONALE AGRARIO SPERIMENTALE)","FLUMINIMANNU","TGMIN09","V2026.01"
"CA","VAL LICCIOLA (CASERMA)","LISCIA","PG09","V2026.01"
"CA","VAL LICCIOLA (CASERMA)","LISCIA","TGMAX09","V2026.01"
"CA","VAL LICCIOLA (CASERMA)","LISCIA","TGMIN09","V2026.01"
"CA","VALLEDORIA (O CODARUINA)","COGHINAS","PG09","V2026.01"
"CA","VALLERMOSA","FLUMINIMANNU","PG09","V2026.01"
"CA","VILLA VERDE","MOGORO","PG09","V2026.01"
"CA","VILLACIDRO (FERROVIE COMPLEMENTARI)","FLUMINIMANNU","PG09","V2026.01"
"CA","VILLACIDRO (FERROVIE COMPLEMENTARI)","FLUMINIMANNU","TGMAX09","V2026.01"
"CA","VILLACIDRO (FERROVIE COMPLEMENTARI)","FLUMINIMANNU","TGMIN09","V2026.01"
"CA","VILLAGRANDE STRISAILI","SA TEULA","PG09","V2026.01"
"CA","VILLAMAR","FLUMINIMANNU","PG09","V2026.01"
"CA","VILLAMASSARGIA","FLUMINIMANNU","PG09","V2026.01"
"CA","VILLANOVA (CANTIERE)","FLUMENDOSA","PG09","V2026.01"
"CA","VILLANOVA MONTELEONE","TEMO","PG09","V2026.01"
"CA","VILLANOVA MONTELEONE","TEMO","TGMAX09","V2026.01"
"CA","VILLANOVA MONTELEONE","TEMO","TGMIN09","V2026.01"
"CA","VILLANOVA STRISAILI","SA TEULA","PG09","V2026.01"
"CA","VILLANOVATULO","FLUMENDOSA","PG09","V2026.01"
"CA","VILLANOVATULO","FLUMENDOSA","TGMAX09","V2026.01"
"CA","VILLANOVATULO","FLUMENDOSA","TGMIN09","V2026.01"
"CA","VILLASALTO","FLUMENDOSA","PG09","V2026.01"
"CA","VILLASIMIUS","VARI FRA SA PICOCCA E SA PISPISA","PG09","V2026.01"
"CA","VILLASOR","FLUMINIMANNU","PG09","V2026.01"
"CA","VILLAVERDE (GIA' BANNARI USELLUS)","MOGORO","PG09","V2026.01"
"CA","ZUIGHE (CANTONIERA)","COGHINAS","PG09","V2026.01"
"CA","ZUIGHE (CANTONIERA)","COGHINAS","TGMAX09","V2026.01"
"CA","ZUIGHE (CANTONIERA)","COGHINAS","TGMIN09","V2026.01"
"CA","ZURI","TIRSO","PG09","V2026.01"
