"COMPARTIMENTO","ALIAS_STAZIONE","ALIAS_BACINO","CORSO_D_ACQUA","Y_LAT","X_LONG","Z_MSLM"
"CA","ABBASANTA","TIRSO",,"40.1249","8.8193","317"
"CA","AGGIUS","LISCIA",,"40.9285","9.0647","514"
"CA","ALA' DEI SARDI","POSADA",,"40.646667","9.324166","663"
"CA","ALES (FERROVIE COMPLEMENTARI)","MOGORO",,"39.763108","8.823834","167"
"CA","ALGHERO (COLONIA PENALE CUGUTTU)","VARI FRA TEMO E CALICH",,"40.5842925","8.3150702","12"
"CA","ALLAI","TIRSO",,"39.9569","8.8651","50"
"CA","ARBOREA (GIA' MUSSOLINIA)","MOGORO",,"39.7833333","8.5861111","7"
"CA","ARDARA","COGHINAS",,"40.63194","8.81917","297"
"CA","ARGENTIERA","VARI FRA BARCA E SANTO",,"40.7384","8.1485","17"
"CA","ARGENTIERA (MINIERA)","VARI FRA BARCA E SANTO",,"40.73179","8.152647","17"
"CA","ARITZO","TIRSO",,"39.949382","9.201708","865"
"CA","ARMUNGIA","FLUMENDOSA",,"39.5223","9.3787","366"
"CA","ARQUERI' (CANTONIERA)","FLUMENDOSA",,"39.818962","9.366994","934"
"CA","ARZACHENA","SAN GIOVANNI D'ARZAGHENA",,"41.0833333","9.3861111","81"
"CA","ARZANA","FODDEDDU",,"39.9166667","9.5361111","674"
"CA","ASINARA (MANDRIA)","ISOLA ASINARA",,"41.061201","8.320312","6"
"CA","ASINARA (SEMAFORO)","ISOLA ASINARA",,"41.112991","8.314228","48"
"CA","ASSOLO","TIRSO",,"39.799985","8.919617","255"
"CA","ASUNI","TIRSO",,"39.866103","8.952688","292"
"CA","AUSTIS","TIRSO",,"40.0666667","9.0861111","737"
"CA","BACU ABIS","FLUMENTEPIDO",,"39.2416","8.467","60"
"CA","BADDELONGA (CANTONIERA)","TEMO",,"40.348887","8.60529","390"
"CA","BALLAO","FLUMENDOSA",,"39.5488889","9.3605556","100"
"CA","BANCALI (GIA' MACCIADOSA CANTONIERA)","MANNU DI PORTOTORRES",,"40.731013","8.403659","74"
"CA","BANNARI USELLUS","MOGORO",,"39.7833333","8.8194444","204"
"CA","BARADILI (FERROVIE COMPLEMENTARI)","MOGORO",,"39.7186111","8.8969444","158"
"CA","BARESSA","MOGORO",,"39.712519","8.873727","-9999"
"CA","BARISARDO","VARI FRA FODDEDDU E PARDU",,"39.85","9.6527778","50"
"CA","BARRALI (FERROVIE COMPLEMENTARI)","FLUMINIMANNU",,"39.4833333","9.1027778","132"
"CA","BARUMINI (FERROVIE COMPLEMENTARI)","FLUMINIMANNU",,"39.705291","9.002993","206"
"CA","BASSACUTENA (CANTONIERA)","LISCIA",,"41.11591","9.262929","69"
"CA","BAU MANDARA (PRIVATA)","FLUMENDOSA",,"39.9823","9.4257","812"
"CA","BAU MELA (PRIVATA)","FLUMENDOSA",,"39.9904","9.4158","812"
"CA","BAU MUGGERIS (PRIVATA)","FLUMENDOSA",,"39.9534","9.4267","820"
"CA","BAU PRESSIU (CASSA PER IL MEZZOGIORNO)","PALMAS",,"39.1833333","8.7694444","233"
"CA","BAULADU","MANNU DI SANTULUSSURGIU",,"40.018889","8.6725","29"
"CA","BAULADU (FERROVIE DELLO STATO)","MANNU DI SANTULUSSURGIU",,"40.020687","8.687013","172"
"CA","BAUNEI (CANTONIERA)","PRAMAERA",,"40.05","9.6694444","480"
"CA","BELLICAI DIGA (PRIVATA)","FLUMINIMANNU",,"39.333637","8.494463","367"
"CA","BENETUTTI","TIRSO",,"40.454","9.1701","406"
"CA","BENETUTTI (PRIVATA)","TIRSO",,"40.4333333","9.1694444","340"
"CA","BENZONE","TIRSO",,"40.1446","9.0532","165"
"CA","BERCHIDDA","COGHINAS",,"40.7833333","9.169","289"
"CA","BERCHIDDA (FERROVIE DELLO STATO)","COGHINAS",,"40.772108","9.181204","189"
"CA","BIDIGHINZU DIGA (CASSA PER IL MEZZOGIORNO)","MANNU DI PORTOTORRES",,"40.55639","8.66333","334"
"CA","BITTI","POSADA",,"40.4902","9.3375","751"
"CA","BOLOTANA","TIRSO",,"40.3284","8.9599","472"
"CA","BOLOTANA (FERROVIE COMPLEMENTARI)","TIRSO",,"40.31052","8.962559","286"
"CA","BONIFICA LECCARI","MANNU DI PORTOTORRES",,"40.7833333","8.3856666","40"
"CA","BONORVA","TEMO",,"40.418954","8.766561","662"
"CA","BONORVA (CABINA)","TEMO",,"40.4166667","8.7694444","479"
"CA","BONORVA (DEPOSITO ALLEVAMENTO CAVALLI)","COGHINAS",,"40.42464","8.942236","725"
"CA","BORORE (CABINA)","TIRSO",,"40.216891","8.810453","410"
"CA","BORTIGALI","TIRSO",,"40.2833333","8.8356666","493"
"CA","BORTIGALI (FERROVIE COMPLEMENTARI)","TIRSO",,"40.279442","8.842042","457"
"CA","BOSA","TEMO",,"40.2833333","8.5027778","13"
"CA","BOSA (FERROVIE COMPLEMENTARI)","TEMO",,"40.292958","8.501165","3"
"CA","BOSA MARINA","TEMO",,"40.2833333","8.5027778","6"
"CA","BOTTIDDA (FERROVIE COMPLEMENTARI)","TIRSO",,"40.3833333","9.0194444","358"
"CA","BUDDUSO'","COGHINAS",,"40.5666667","9.2694444","690"
"CA","BUDONI (CANTONIERA)","VARI FRA PADROGIANO E POSADA",,"40.710071","9.698688","20"
"CA","BULTEI (FERROVIE COMPLEMENTARI)","TIRSO",,"40.7666666","9.1856666","408"
"CA","BUNNARI (ACQUEDOTTO)","MANNU DI PORTOTORRES",,"40.7166667","8.6361111","284"
"CA","BURCEI","SA PISPISA",,"39.35","9.3527778","648"
"CA","BUSACHI","TIRSO",,"40.0333333","8.9027778","379"
"CA","BUSACHI (DIGA)","TIRSO",,"40.01079","8.860669","50"
"CA","CABRAS","VARI FRA TIRSO E MANNU DI SANTULUSSURGIU",,"39.9453953","8.5343221","9"
"CA","CADDAU (CANTONIERA)","COGHINAS",,"40.824581","9.090148","557"
"CA","CADREAS (CANTONIERA)","VARI FRA MAREFOGHE E PISCHINAPIU",,"40.0565354","8.5024354","74"
"CA","CAGLIARI (IDROGRAFICO)","VARI FRA SA PISPISA E SASSU O DI SESTU",,"39.198265","9.079024","7"
"CA","CAGLIARI (ISTITUTO DI IDRAULICA)","VARI FRA SA PISPISA E SASSU O DI SESTU",,"39.229184","9.109479","88"
"CA","CAGLIARI (MARINA)","VARI FRA SA PISPISA E SASSU O DI SESTU",,"39.198265","9.079024","7"
"CA","CAGLIARI (PORTO)","SANTA GILLA E MINORI FRA SETTIMO E PULA",,"39.198265","9.079024","2"
"CA","CAGLIARI (REGIA UNIVERSITA')","VARI FRA SA PISPISA E SASSU O DI SESTU",,"39.217222","9.114722","73.5"
"CA","CAGLIARI (SCUOLA AGRARIA)","VARI FRA SA PISPISA E SASSU O DI SESTU",,"39.266855","9.066424","24"
"CA","CALA GONONE","VARI FRA CEDRINO E CODULA DE LUNA",,"40.2833333","9.6527778","25"
"CA","CALANGIANUS","LISCIA",,"40.9166667","9.2027778","518"
"CA","CAMPANASISSA (CANTONIERA)","PALMAS",,"39.2061187","8.7764696","220"
"CA","CAMPEDA (FERROVIE DELLO STATO)","TEMO",,"40.3166667","8.7861111","651"
"CA","CAMPUOMU (CASERMA)","SA PICOCCA",,"39.305392","9.394406","380"
"CA","CAMPUOMU (TRAVERSA ACQUEDOTTO PRIVATA)","SA PICOCCA",,"39.305157","9.396705","390"
"CA","CAPO CACCIA","VARI FRA BARCA E SANTO",,"40.560983","8.162808","169"
"CA","CAPO CARBONARA (INFERIORE)","VARI FRA SA PICOCCA E SA PISPISA",,"39.103597","9.513836","15"
"CA","CAPO CARBONARA (SUPERIORE)","VARI FRA SA PICOCCA E SA PISPISA",,"39.103597","9.513836","110"
"CA","CAPO FERRO","VARI FRA SAN GIOVANNI D'ARZAGHENA E LUANIEDDA",,"41.154069","9.528098","38"
"CA","CAPO FIGARI","VARI FRA SAN GIOVANNI D'ARZAGHENA E LUANIEDDA",,"40.99781","9.652956","350"
"CA","CAPO SPARTIVENTO","VARI FRA PULA E PALMAS",,"38.877857","8.845489","176"
"CA","CAPO SPERONE","ISOLA DI SANT'ANTIOCO",,"38.966814","8.410679","29"
"CA","CAPO TESTA","VARI FRA VIGNOLA E LISCIA",,"41.243548","9.142885","47"
"CA","CAPOTERRA","SANTA LUCIA",,"39.183333","8.969444","54"
"CA","CARALZU (CANTONIERA)","COGHINAS",,"40.60102","8.905415","559"
"CA","CARGEGHE","MANNU DI PORTOTORRES",,"40.6666667","8.6194444","334"
"CA","CARLOFORTE","ISOLA DI SAN PIETRO",,"39.15","8.3027778","18"
"CA","CASA STIDDIOSA","PULA",,"39.08336","8.953594","135"
"CA","CASTIADAS (COLONIA PENALE)","SA PICOCCA",,"39.2333333","9.5027778","167"
"CA","CEDRINO (CENTRALE PRIVATA)","CEDRINO",,"40.3333333","9.5527778","50"
"CA","CHILIVANI (CABINA)","COGHINAS",,"40.6166667","8.9361111","220"
"CA","CODRONGIANUS","MANNU DI PORTOTORRES",,"40.658193","8.680125","315"
"CA","COGHINAS (CANTONIERA)","COGHINAS",,"40.8666667","8.9527778","66"
"CA","CORONGIU (ACQUEDOTTO)","SA PISPISA",,"39.3","9.2861111","126"
"CA","CORREBOI (CASERMA)","FLUMENDOSA",,"40.074652","9.358884","1071"
"CA","COSSATZU CANTONIERA (ARITZO)","TIRSO",,"39.9333333","9.1861111","860"
"CA","CUGLIERI","MANNU DI CUGLIERI",,"40.1833333","8.5694444","479"
"CA","CUILI SEU","SA PICOCCA",,"39.31088","9.474801","143"
"CA","CURADOREDDU (CANTONIERA)","LISCIA",,"40.864441","9.127942","573"
"CA","DECIMOMANNU (FERROVIE DELLO STATO)","FLUMINIMANNU",,"39.305011","8.966063","15"
"CA","DECIMOMANNU (VIVAIO FORESTALE)","FLUMINIMANNU",,"39.2983","8.971","15"
"CA","DESULO","TIRSO",,"40.0141","9.2301","920"
"CA","DESULO-TONARA (STAZIONE)","TIRSO",,"39.993462","9.181501","579"
"CA","DOLIANOVA (FERROVIE COMPLEMENTARI)","SASSU O DI SESTU",,"39.376787","9.168614","191"
"CA","DOMUS DE MARIA","VARI FRA PULA E PALMAS",,"38.9333333","8.8694444","84"
"CA","DONIGALA SIURGUS","FLUMENDOSA",,"39.6","9.202333","439"
"CA","DONNACORI (CANTONIERA)","TIRSO",,"40.309947","9.231778","440"
"CA","DONORI (FERROVIE COMPLEMENTARI)","FLUMINIMANNU",,"39.427988","9.119912","139"
"CA","DONORI (SAN MICHELE)","FLUMINIMANNU",,"39.419102","9.105904","139"
"CA","DORGALI","CEDRINO",,"40.2904","9.5892","387"
"CA","ELMAS (VIVAIO)","VARI FRA SASSU O DI SESTU E FLUMINIMANNU",,"39.284162","9.044545","8"
"CA","ENAS (FERROVIE DELLO STATO)","PADROGIANO",,"40.856981","9.43115","54"
"CA","ESCALAPLANO","FLUMENDOSA",,"39.6166667","9.3527778","338"
"CA","ESTERZILI (FERROVIE COMPLEMENTARI)","FLUMENDOSA",,"39.8","9.2527778","698"
"CA","EX TANCA REGIA","TIRSO",,"40.140179","8.76684","332"
"CA","FERTILIA","BARCA",,"40.5833333","8.3027778","39"
"CA","FIGURUIA (CANTONIERA)","MANNU DI PORTOTORRES",,"40.6","8.7023333","340"
"CA","FIORENTINI (CASERMA)","COGHINAS",,"40.529096","9.04422","664"
"CA","FLUMENDOSA DIGA (ENTE FLUMENDOSA)","FLUMENDOSA",,"39.6666667","9.3027778","302"
"CA","FLUMENDOSA PRIMO SALTO (PRIVATA)","SA TEULA",,"39.95","9.4527778","658"
"CA","FLUMENTEPIDO (CANTONIERA)","FLUMENTEPIDO",,"39.1833333","8.4861111","61"
"CA","FLUMINI ADAMU (PRIVATA - CASSA PER IL MEZZOGIORNO)","PALMAS",,"39.170566","8.775773","389"
"CA","FLUMINI DI QUARTU","VARI FRA SA PISPISA E SASSU O DI SESTU",,"39.238","9.2827","6"
"CA","FLUMINIMAGGIORE","FLUMINIMAGGIORE",,"39.45","8.4861111","45"
"CA","FONNI","TIRSO",,"40.1166667","9.2527778","992"
"CA","FONNI (CASA CICALO'-SANNA)","TIRSO",,"40.1166666","9.2523333","1000"
"CA","FORDONGIANUS","TIRSO",,"40","8.8027777","32"
"CA","FRAIGAS (CANTONIERA)","COGHINAS",,"40.6166667","8.9861111","202"
"CA","FUNTANA RAMINOSA (MINIERA GADONI)","FLUMENDOSA",,"39.878045","9.169156","778"
"CA","GAIRO TARQUISARA (FERROVIE COMPLEMENTARI)","FLUMENDOSA",,"39.85","9.4694444","784"
"CA","GALTELLI'","CEDRINO",,"40.3833333","9.6194444","40"
"CA","GAVOI","TIRSO",,"40.15","9.2694444","777"
"CA","GENNA CRESIA (CANTONIERA)","PARDU",,"39.783712","9.552998","272"
"CA","GENNA SCALAS (CANTONIERA)","PRAMAERA",,"40.08257","9.601708","666"
"CA","GENNA SILANA (CANTONIERA)","CODULA DE LUNA",,"40.158791","9.50774","1010"
"CA","GENNIOMUS","PALMAS",,"39.039162","8.738709","158"
"CA","GENONI","TIRSO",,"39.8","9.0027778","447"
"CA","GEREMEAS","VARI FRA SA PICOCCA E SA PISPISA",,"39.1711732","9.3786022","13"
"CA","GERGEI","FLUMINIMANNU",,"39.6833333","9.1027778","374"
"CA","GESICO (FERROVIE COMPLEMENTARI)","FLUMINIMANNU",,"39.6","9.1361111","374"
"CA","GHILARZA","TIRSO",,"40.1166667","8.8361111","290"
"CA","GIUSTIZIERI (CANTONIERA)","PRAMAERA",,"40.1","9.5194444","700"
"CA","GOLFO ARANCI","VARI FRA SAN GIOVANNI D'ARZAGHENA E LUANIEDDA",,"40.995","9.5783","19"
"CA","GONI","FLUMENDOSA",,"39.5833333","9.2861111","377"
"CA","GONNESA (FERROVIE MERIDIONALI)","VARI FRA FLUMENTEPIDO E FLUMINIMAGGIORE",,"39.269008","8.467896","40"
"CA","GONNOSFANADIGA","FLUMINIMANNU DI PABILLONIS",,"39.4833333","8.6694444","190"
"CA","GOVOSSAI DIGA (CASSA PER IL MEZZOGIORNO)","TIRSO",,"40.1333333","9.2861111","922"
"CA","GUARDIA VECCHIA (SEMAFORO)","ISOLA MADDALENA",,"41.222779","9.399333","177"
"CA","GUASILA","FLUMINIMANNU",,"39.55","9.0527778","210"
"CA","GUZZURRA (MINIERA)","POSADA",,"40.506957","9.511015","529"
"CA","IDROVORA 14","VARI FRA MOGORO E TIRSO",,"39.7733","8.5811","7"
"CA","IERZU (FERROVIE COMPLEMENTARI)","PARDU",,"39.7833333","9.5194444","422"
"CA","IGLESIAS","FLUMINIMANNU",,"39.3","8.5361111","193"
"CA","ILLORAI","TIRSO",,"40.3666667","8.9861111","503"
"CA","INGURTOSU (MINIERA)","VARI FRA FLUMINIMAGGIONE E PISCINAS",,"39.522757","8.510407","239"
"CA","IS ACQUAS","FLUMINIMANNU",,"39.75","9.1027778","450"
"CA","IS ACQUAS (SARCIDANO)","FLUMINIMANNU",,"39.75","9.1027778","450"
"CA","IS CANNONERIS (CASERMA)","PALMAS",,"39.0333333","8.8527778","856"
"CA","ISAI","PALMAS",,"39.0357196","8.8239634","856"
"CA","ISILI","FLUMINIMANNU",,"39.75","9.1027778","523"
"CA","ISILI (PODERE)","FLUMINIMANNU",,"39.751599","9.09909","504"
"CA","ITTIREDDU","COGHINAS",,"40.55","8.9027778","426"
"CA","ITTIRI","BARCA",,"40.5833333","8.5694444","392"
"CA","KM 82 CANTONIERA (FERROVIE DELLO STATO)","VARI FRA MOGORO E TIRSO",,"39.8108623","8.6415582","32"
"CA","LA CORTE","VARI FRA BARCA E SANTO",,"40.735636","8.278723","25"
"CA","LA MADDALENA","ISOLA MADDALENA",,"41.2166667","9.4027778","29"
"CA","LA MADDALENA (STAZZO)","ISOLA MADDALENA",,"41.239462","9.393881","70"
"CA","LACONI (FERROVIE COMPLEMENTARI)","TIRSO",,"39.85","9.0527778","637"
"CA","LANUSEI","FODDEDDU",,"39.8666667","9.5361111","595"
"CA","LEI","TIRSO",,"40.3","8.919","457"
"CA","LODE'","POSADA",,"40.6","9.5361111","345"
"CA","LULA","POSADA",,"40.4666667","9.5027778","521"
"CA","LUNAMATRONA (FERROVIE COMPLEMENTARI)","FLUMINIMANNU",,"39.65","8.9027778","162"
"CA","LUOGOSANTO","LISCIA",,"41.05","9.2194444","315"
"CA","MACCIADOSA (CANTONIERA)","MANNU DI PORTOTORRES",,"40.731013","8.403659","74"
"CA","MACOMER (FERROVIE DELLO STATO)","TIRSO",,"40.2686111","8.7727778","572"
"CA","MAMOIADA","CEDRINO",,"40.2","9.2861111","644"
"CA","MAMONE (COLONIA PENALE)","POSADA",,"40.572435","9.418754","881"
"CA","MANDAS (FERROVIE COMPLEMENTARI)","FLUMINIMANNU",,"39.66","9.1308333","491"
"CA","MARGANAI (MINIERA)","FLUMINIMANNU",,"39.352418","8.582399","721"
"CA","MARRUBIU (CANTONIERA)","VARI FRA MOGORO E TIRSO",,"39.7666667","8.6527778","32"
"CA","MARTIS","COGHINAS",,"40.7833333","8.8027778","300"
"CA","MASAINAS (ENTE FLUMENDOSA)","FLUMINIMANNU",,"39.4","8.8527778","55"
"CA","MASONEDILI (CANTONIERA)","QUIRRA",,"39.6166667","9.6027778","50"
"CA","MASUA (MINIERA)","VARI FRA FLUMENTEPIDO E FLUMINIMAGGIORE",,"39.337188","8.412585","73"
"CA","MAZZINAIU (CANTONIERA)","COGHINAS",,"40.700041","9.368537","617"
"CA","MEANA SARDO","TIRSO",,"39.95","9.0694444","586"
"CA","MOGORELLA","TIRSO",,"39.8666667","8.8527778","299"
"CA","MOGORO","MOGORO",,"39.6833333","8.7861111","134"
"CA","MOGORO (DIGA)","MOGORO",,"39.66361","8.75861","50"
"CA","MONTE ACUTO (CANTONIERA)","SA PICOCCA",,"39.35","9.4861111","55"
"CA","MONTE ARRUBIU","SASSU O DI SESTU",,"39.35","9.186111","400"
"CA","MONTE PEDROSU SUAREDDA (CANTONIERA)","VARI FRA PADROGIANO E POSADA",,"40.8333333","9.6527778","46"
"CA","MONTE URI (CANTONIERA)","COGHINAS",,"40.6850415","9.0702226","229"
"CA","MONTEPONI (MINIERA)","VARI FRA FLUMENTEPIDO E FLUMINIMAGGIORE",,"39.2833333","8.5194444","190"
"CA","MONTES (CASERMA FORESTALE)","CEDRINO",,"40.1833333","9.4194444","1060"
"CA","MONTEVECCHIO (MINIERA)","PISCINAS",,"39.55","8.5861111","370"
"CA","MONTI","COGHINAS",,"40.8","9.3361111","296"
"CA","MONTI NIEDDU","VARI FRA PULA E PALMAS",,"39.68611","9.32556","267"
"CA","MONTIMANNU (CASERMA)","FLUMINIMANNU",,"39.396717","8.658014","350"
"CA","MONTRESTA","TEMO",,"40.37694","8.50417","350"
"CA","MONTRESTA (SCUOLA AGRARIA)","TEMO",,"40.401786","8.467536","430"
"CA","MORES","COGHINAS",,"40.583333","8.836111","241"
"CA","MUDEGIU (CANTONIERA)","TEMO",,"40.446057","8.599731","153"
"CA","MULARGIA DIGA (ENTE FLUMENDOSA)","FLUMENDOSA",,"39.6","9.2527778","285"
"CA","MURAVERA","FLUMENDOSA",,"39.4166667","9.5694444","19"
"CA","MURDEGA (OVILE)","FLUMENDOSA",,"39.520718","9.442246","450"
"CA","MURTA MARIA (CANTONIERA)","VARI FRA PADROGIANO E POSADA",,"40.891325","9.583935","17"
"CA","MUZZONE (DIGA)","COGHINAS",,"40.793167","9.025321","230"
"CA","NARCAO","PALMAS",,"39.20278","8.62639","127"
"CA","NEBIDA","VARI FRA FLUMENTEPIDO E FLUMINIMAGGIORE",,"39.31917","8.43194","180"
"CA","NOCE SECCA (CANTONIERA)","CEDRINO",,"40.25418","9.575283","504"
"CA","NORAGUGUME","TIRSO",,"40.2333333","8.9194444","288"
"CA","NUGHEDU SANTA VITTORIA","TIRSO",,"40.1","8.952778","531"
"CA","NULVI","COGHINAS",,"40.800088","8.75201","478"
"CA","NUORO","CEDRINO",,"40.3166667","9.3194444","545"
"CA","NURAGHE PRANU ANTONI (DIGA FORDONGIANU PRIVATA)","TIRSO",,"40.001113","8.844177","56"
"CA","NURAMINIS","FLUMINIMANNU",,"39.4419444","9.0136111","91"
"CA","NURRA (MINIERA)","VARI FRA BARCA E SANTO",,"40.7833333","8.2356666","117"
"CA","NURRI (FERROVIE COMPLEMENTARI)","FLUMENDOSA",,"39.7166667","9.2194444","558"
"CA","NUXIS","PALMAS",,"39.1543","8.7396","152"
"CA","OLBIA","VARI FRA SAN GIOVANNI D'ARZAGHENA E LUANIEDDA",,"40.9166667","9.5027778","15"
"CA","OLIENA","CEDRINO",,"40.2666667","9.4027778","378"
"CA","OLMEDO (FERROVIE COMPLEMENTARI)","BARCA",,"40.65","8.3861111","52"
"CA","OLZAI","TIRSO",,"40.183333","9.152778","470"
"CA","ORANI","TIRSO",,"40.25","9.1694444","528"
"CA","ORBAI (MINIERA)","FLUMINIMANNU",,"39.23486","8.71812","298"
"CA","ORGOSOLO","CEDRINO",,"40.2","9.3527778","591"
"CA","ORISTANO (FERROVIE DELLO STATO)","VARI FRA MOGORO E TIRSO",,"39.9","8.6027778","12"
"CA","OROSEI","VARI FRA CEDRINO E CODULA DE LUNA",,"40.3833333","9.6694444","19"
"CA","OROTELLI","TIRSO",,"40.30472","9.110256","406"
"CA","ORTUABIS FUNTANAMELA (FERROVIE COMPLEMENTARI)","TIRSO",,"39.900003","9.102777","774"
"CA","ORTUERI","TIRSO",,"40.0333333","8.9861111","590"
"CA","ORUNE","CEDRINO",,"40.4","9.3694444","745"
"CA","OSCHIRI","COGHINAS",,"40.7166667","9.1027778","217"
"CA","OSIDDA (FERROVIE COMPLEMENTARI)","TIRSO",,"40.5263889","9.2188889","583"
"CA","OSILO","MANNU DI PORTOTORRES",,"40.75","8.6694444","671"
"CA","OTTANA","TIRSO",,"40.2333333","9.0361111","185"
"CA","OVODDA","TIRSO",,"40.0833333","9.169","716"
"CA","OZIERI","COGHINAS",,"40.5833333","9.0027778","390"
"CA","PABILLONIS (FERROVIE DELLO STATO)","FLUMINIMANNU DI PABILLONIS",,"39.610856","8.740906","43"
"CA","PABILLONIS (PAESE)","FLUMINIMANNU DI PABILLONIS",,"39.6","8.7194444","40"
"CA","PADRU","PADROGIANO",,"40.7666667","9.5194444","165"
"CA","PADULEDDA","VARI FRA COGHINAS E VIGNOLA",,"40.9973","8.89763","233"
"CA","PADULO (CANTONIERA)","LISCIA",,"40.95","9.1027778","420"
"CA","PALAU","VARI FRA LISCIA E SAN GIOVANNI D'ARZAGHENA",,"41.1666667","9.3861111","3.7"
"CA","PALMAS CANTONIERA (SUERGIU)","PALMAS",,"39.0833333","8.5527778","12"
"CA","PALUDU (CANTONIERA)","CEDRINO",,"40.353005","9.549848","178"
"CA","PANTALEO","PALMAS",,"39.0833333","8.8027778","240"
"CA","PATTADA (FERROVIE COMPLEMENTARI)","COGHINAS",,"40.561509","9.081621","674"
"CA","PAULILATINO","TIRSO",,"40.0833333","8.7694444","280"
"CA","PEDREDU (CANTONIERA)","COGHINAS",,"40.7545686","9.0767155","165"
"CA","PERDASDEFOGU","QUIRRA",,"39.6833333","9.4361111","599"
"CA","PERFUGAS","COGHINAS",,"40.8166667","8.8861111","91"
"CA","PIMPISU TENUTA (ENTE FLUMENDOSA)","FLUMINIMANNU",,"39.45","8.8527778","62"
"CA","PIRA DE ONNI (CANTONIERA)","FLUMENDOSA",,"40.015852","9.397983","872"
"CA","PISCINAMANNA (CASERMA)","PULA",,"38.9833333","8.9361111","255"
"CA","PLANU (CANTONIERA)","MANNU DI PORTOTORRES",,"40.5666667","8.6361111","538"
"CA","PLANU LADU (CANTONIERA)","COGHINAS",,"40.6833333","8.9361111","187"
"CA","PLANUSANGUNI (CANTONIERA)","FLUMINIMANNU",,"39.5","9.2335556","560"
"CA","PLANUSANGUNI (COLONIA MONTANA)","FLUMINIMANNU",,"39.5","9.2335556","651"
"CA","PLATAMONA","VARI FRA MANNU DI PORTO TORRES E SORSO",,"40.817848","8.468173","1"
"CA","PLOAGHE","MANNU DI PORTOTORRES",,"40.6666667","8.7527778","420"
"CA","PLOAGHE (FERROVIE DELLO STATO)","MANNU DI PORTOTORRES",,"40.661472","8.728103","420"
"CA","PONTE MERCHIS (CANTONIERA)","TIRSO",,"40.1833333","8.8027778","352"
"CA","PONTE RIO TERRA MAISTUS (CASSA PER IL MEZZOGIORNO)","FLUMINIMANNU DI PABILLONIS",,"39.522045","8.641656","150"
"CA","PONTE SAN PAOLO KM 121 SS 125 (CASSA PER IL MEZZOGIORNO)","PARDU",,"39.802778","9.595692","46"
"CA","PORTO PINO","VARI FRA PULA E PALMAS",,"38.9669444","8.6","3"
"CA","PORTO TORRES","VARI FRA MANNU DI PORTO TORRES E SORSO",,"40.8333333","8.4027778","2"
"CA","PORTO VESME","VARI FRA FLUMENTEPIDO E FLUMINIMAGGIORE",,"39.180652","8.467438","6"
"CA","PORTOSCUSO (GIA' PORTO VESME)","VARI FRA FLUMENTEPIDO E FLUMINIMAGGIORE",,"39.180652","8.467438","16"
"CA","POSADA (CANTONIERA)","CEDRINO",,"40.65931","9.736452","184"
"CA","POZZOMAGGIORE","TEMO",,"40.3983","8.6601","438"
"CA","PRANU ANTONI","TIRSO",,"40.00111","8.84472","56"
"CA","PRATOBELLO (CASSA PER IL MEZZOGIORNO)","TIRSO",,"40.144919","9.314492","876"
"CA","PULA","PULA",,"39.0097222","9.0027778","10"
"CA","PUNTA GENNARTA (DIGA)","FLUMINIMANNU",,"39.3333333","8.5527778","258"
"CA","PUNTA SA STRIA (CASSA PER IL MEZZOGIORNO)","PULA",,"39.06914","8.964033","80"
"CA","PUTIFIGARI","BARCA",,"40.5666667","8.4694444","250"
"CA","PUTZOLU (CANTONIERA)","LUANIEDDA",,"40.9166667","9.4027778","100"
"CA","PUTZU IDU","VARI FRA TIRSO E MANNU DI SANTULUSSURGIU",,"40.02567","8.408193","4"
"CA","REINAMARE (CANTONIERA)","TEMO",,"40.4666667","8.5527778","300"
"CA","RIFORNITORE N. 10 FERROVIE COMPLEMENTARI","PADROGIANO",,"40.8666667","9.2361111","565"
"CA","RIFORNITORE TIRSO (CANTONIERA)","TIRSO",,"40.3166667","9.0361111","184"
"CA","RIO CAMBONI","FLUMINIMANNU",,"39.240855","8.828142","326"
"CA","RIO DE PARDIA (PRIVATA)","QUIRRA",,"39.5626915","9.5300335","185"
"CA","RIO GIRONI (CANTONIERA)","VARI FRA QUIRRA E FLUMENDOSA",,"39.4666667","9.6194444","46"
"CA","RIO PERDOSU DIGA (PRIVATA)","PULA",,"39.344924","9.396748","53"
"CA","RIO TORREI (CASSA PER IL MEZZOGIORNO)","TIRSO",,"40.05","9.2027778","920"
"CA","RIOLA SARDO","VARI FRA TIRSO E MANNU DI SANTULUSSURGIU",,"39.9833333","8.5527778","9"
"CA","ROMANA","TEMO",,"40.4889","8.60296","268"
"CA","ROSAS (MINIERA)","PALMAS",,"39.2166667","8.7361111","326"
"CA","RUDAS (CANTONIERA)","BARCA",,"40.6166667","8.3861111","34"
"CA","SA DUCHESSA (MINIERA)","FLUMINIMANNU",,"39.374129","8.593036","670"
"CA","SA FORADA DE S'ACQUA (ENTE FLUMENDOSA)","FLUMINIMANNU",,"39.5333333","8.9527778","201"
"CA","SA MENDULA (CANTONIERA)","CEDRINO",,"40.3107794","9.3996329","256"
"CA","SA PIRA (CASERMA)","VARI FRA SA PISPISA E SASSU O DI SESTU",,"39.3","9.2027778","215"
"CA","SA TEULA (CENTRALE)","SA TEULA",,"39.9666667","9.5361111","251"
"CA","S'ACQUACOTTA (CANTONIERA)","FLUMINIMANNU",,"39.413295","8.823646","76"
"CA","SADALI (FERROVIE COMPLEMENTARI)","FLUMENDOSA",,"39.8166667","9.2694444","763"
"CA","SAMUGHEO","TIRSO",,"39.95","8.9361111","371"
"CA","SAN BENEDETTO (MINIERA)","FLUMINIMANNU",,"39.36252","8.528528","385"
"CA","SAN COSIMO (CASSA PER IL MEZZOGIORNO)","FLUMINIMANNU DI PABILLONIS",,"39.505719","8.618592","150"
"CA","SAN FRANCESCO D'AGLIENTU","VARI FRA VIGNOLA E LISCIA",,"41.0781976","9.112998","490"
"CA","SAN GAVINO MONREALE","FLUMINIMANNU DI PABILLONIS",,"39.5333333","8.8027778","51"
"CA","SAN GIORGIO FERMATA (FERROVIE COMPLEMENTARI)","MANNU DI PORTOTORRES",,"40.75","8.5194444","112"
"CA","SAN GIOVANNI (DOMUSNOVAS)","FLUMINIMANNU",,"39.35","8.6361111","170"
"CA","SAN GIOVANNI BITTI (CANTONIERA)","TIRSO",,"40.498086","9.344044","751"
"CA","SAN GIOVANNI COGHINAS (CANTONIERA)","VARI FRA SORSO E COGHINAS",,"40.8833333","8.7527778","199"
"CA","SAN GIOVANNI SUERGIU","PALMAS",,"39.0775","8.55194","12"
"CA","SAN NICOLO' GERREI","FLUMENDOSA",,"39.4833333","9.3194444","365"
"CA","SAN PANTALEO","SAN GIOVANNI D'ARZAGHENA",,"41.05","9.4694444","169"
"CA","SAN PRIAMO","SA PICOCCA",,"39.35722","9.55972","9"
"CA","SAN TEODORO (CANTONIERA)","VARI FRA PADROGIANO E POSADA",,"40.764908","9.654604","16"
"CA","SANLURI (FERROVIE COMPLEMENTARI)","FLUMINIMANNU",,"39.557036","8.899245","115"
"CA","SANLURI (FERROVIE DELLO STATO)","FLUMINIMANNU",,"39.526299","8.849991","62"
"CA","SANLURI (OPERA NAZIONALE COMBATTENTI)","FLUMINIMANNU",,"39.550002","8.952775","68"
"CA","SANLURI (STABILIMENTO VITTORIO EMANUELE)","FLUMINIMANNU",,"39.550002","8.952775","68"
"CA","SANTA ANNUNZIATA","POSADA",,"40.59534","9.484756","380"
"CA","SANTA BARBARA (CANTONIERA)","QUIRRA",,"39.520454","9.595047","10"
"CA","SANTA BARBARA (ULASSAI)","FLUMENDOSA",,"39.785748","9.452078","372"
"CA","SANTA CHIARA D'ULA","TIRSO",,"40.05","8.8694444","200"
"CA","SANTA GIUSTA","VARI FRA MOGORO E TIRSO",,"39.8666667","8.6194444","10"
"CA","SANTA LUCIA DI BONORVA","COGHINAS",,"40.4166667","8.8527778","360"
"CA","SANTA LUCIA DI SINISCOLA (CANTONIERA)","VARI FRA SINISCOLA E CEDRINO",,"40.5833333","9.7694444","35"
"CA","SANTA MARIA COGHINAS (CANTONIERA)","COGHINAS",,"40.9","8.8694444","10"
"CA","SANTA MARIA D'ARZAGHENA","SAN GIOVANNI D'ARZAGHENA",,"41.0833333","9.3861111","81"
"CA","SANTA MARIA DI NEAPOLIS","MOGORO",,"39.6890468","8.5525229","13"
"CA","SANTA SOFIA","TIRSO",,"39.8666667","9.1361111","825"
"CA","SANTA TERESA GALLURA","VARI FRA VIGNOLA E LISCIA",,"41.2333333","9.2027778","33"
"CA","SANTA VITTORIA (DIGA)","TIRSO",,"39.9661","8.7377","22"
"CA","SANTADI","PALMAS",,"39.0833333","8.7194444","135"
"CA","SANT'ANDREA FRIUS","FLUMINIMANNU",,"39.4666667","9.1694444","279"
"CA","SANT'ANNA ARRESI","VARI FRA PULA E PALMAS",,"39","8.6361111","58"
"CA","SANT'ANNA ORISTANO (CANTONIERA)","VARI FRA MOGORO E TIRSO",,"39.833333","8.6275","12"
"CA","SANT'ANNA SINISCOLA (CANTONIERA)","SINISCOLA",,"40.584497","9.629179","570"
"CA","SANT'ANTIOCO","ISOLA DI SANT'ANTIOCO",,"39.0666667","8.4527778","50"
"CA","SANT'ANTIOCO DI ORGOSOLO","CEDRINO",,"40.172947","9.339345","585"
"CA","SANT'ANTONIO CALANGIANUS (DIGA LISCIA - CASSA PER IL MEZZOGIORNO)","LISCIA",,"41.015251","9.272876","350"
"CA","SANTULUSSURGIU","MANNU DI SANTULUSSURGIU",,"40.1333333","8.6527778","557"
"CA","SARCIDANO-ISILI (COLONIA PENALE)","FLUMINIMANNU",,"39.8166667","9.1527778","699"
"CA","SARDARA","FLUMINIMANNU DI PABILLONIS",,"39.6","8.8194444","138"
"CA","S'ARENA (CANTONIERA)","TIRSO",,"40.10271","9.319789","1025"
"CA","SARROK","FLUMINIMANNU",,"39.0666666","8.969","50"
"CA","SASSARI","MANNU DI PORTOTORRES",,"40.7166667","8.5527778","224"
"CA","SASSARI (GENIO CIVILE)","MANNU DI PORTOTORRES",,"40.717463","8.568223","236"
"CA","SASSARI (REGIA UNIVERSITA')","MANNU DI PORTOTORRES",,"40.7395","8.53715","224"
"CA","SASSU (IDROVORA)","VARI FRA MOGORO E TIRSO",,"39.823513","8.577156","5"
"CA","SEDILO","TIRSO",,"40.1733333","8.9194444","531"
"CA","SEDINI","COGHINAS",,"40.85","8.8194444","320"
"CA","SEGARIU","FLUMINIMANNU",,"39.55","8.9861111","129"
"CA","SENEGHE","MANNU DI SANTULUSSURGIU",,"40.0833333","8.6194444","300"
"CA","SENNORI","VARI FRA MANNU DI PORTO TORRES E SORSO",,"40.7833333","8.5861111","230"
"CA","SENORBI' (FERROVIE COMPLEMENTARI)","FLUMINIMANNU",,"39.5166667","9.1361111","186"
"CA","SERRA S'ILIXI (MINIERA)","SA PICOCCA",,"39.40169","9.353538","386"
"CA","SERRENTI (ENTE FLUMENDOSA)","FLUMINIMANNU",,"39.5","8.9694444","122"
"CA","SESTU (CANTONIERA)","VARI FRA SASSU O DI SESTU E FLUMINIMANNU",,"39.3","9.0694444","48"
"CA","SETTIMO SAN PIETRO (FERROVIE COMPLEMENTARI)","VARI FRA SA PISPISA E SASSU O DI SESTU",,"39.2833333","9.1694444","80"
"CA","SEUI (FERROVIE COMPLEMENTARI)","FLUMENDOSA",,"39.8333333","9.3194444","812"
"CA","SEULO","FLUMENDOSA",,"39.8833333","9.2361111","797"
"CA","SFOSSATO (CANTONIERA)","LISCIA",,"41.000958","9.149263","447"
"CA","SICCA D'ERBA (CANTONIERA)","FLUMENDOSA",,"39.904515","9.495544","825"
"CA","SIGNORA MARTA (CANTONIERA)","TIRSO",,"40.322302","9.134429","148"
"CA","SILANUS","TIRSO",,"40.2833333","8.9027778","439"
"CA","SILIQUA","FLUMINIMANNU",,"39.3","8.8194444","53"
"CA","SIMAXIS","TIRSO",,"39.9166667","8.6861111","17"
"CA","SINDIA","TEMO",,"40.2833333","8.6527778","510"
"CA","SINNAI (SA PIRA)","VARI FRA SA PISPISA E SASSU O DI SESTU",,"39.3106","9.18833","155"
"CA","SORGONO (FERROVIE COMPLEMENTARI)","TIRSO",,"40.0333333","9.1027778","687"
"CA","SOS CANALES DIGA (CASSA PER IL MEZZOGIORNO)","TIRSO",,"40.55","9.3194444","713"
"CA","STINTINO","VARI FRA BARCA E SANTO",,"40.9333333","8.2361111","9"
"CA","SU GRUMINI (CANTONIERA)","CEDRINO",,"40.269564","9.281224","350"
"CA","SU NODULADU","COGHINAS",,"40.698611","9.1775","306"
"CA","SU ZURFURU (MINIERA)","FLUMINIMAGGIORE",,"39.4166667","8.5027778","105"
"CA","SUAREDDA","VARI FRA PADROGIANO E POSADA",,"40.8333333","9.6527778","4"
"CA","TACCU ZIPPIRI (CABINA)","FLUMENDOSA",,"39.8666667","9.1694444","825"
"CA","TADASUNI","TIRSO",,"40.10614","8.897058","29"
"CA","TALANA","PRAMAERA",,"40.05","9.5027778","682"
"CA","TARONI (CANTONIERA)","PADROGIANO",,"40.8949484","9.297013","371"
"CA","TEGA (CANTONIERA)","VARI FRA PISCHINAPIU E MANNU DI CUGLIERI",,"40.1541743","8.5260095","241"
"CA","TELTI","LUANIEDDA",,"40.875729","9.35128","326"
"CA","TEMPIO","LISCIA",,"40.9","9.1027778","558"
"CA","TERRACCIU (CASSA PER IL MEZZOGIORNO)","PALMAS",,"39.1038998","8.6695218","327"
"CA","TERRALBA","MOGORO",,"39.7166666","8.6356666","9"
"CA","TERRANOVA PAUSANIA","VARI FRA SAN GIOVANNI D'ARZAGHENA E LUANIEDDA",,"40.9166666","9.5023333","15"
"CA","TERRASEU","PALMAS",,"39.2","8.6361111","325"
"CA","TERTENIA","QUIRRA",,"39.6972222","9.5755556","139"
"CA","TEULADA","VARI FRA PULA E PALMAS",,"38.9666667","8.7861111","50"
"CA","THIESI","MANNU DI PORTOTORRES",,"40.5166667","8.7194444","472"
"CA","TIANA","TIRSO",,"40.0666667","9.1527778","564"
"CA","TONARA","TIRSO",,"40.0166667","9.1861111","938"
"CA","TORPE'","POSADA",,"40.6166667","9.6861111","24"
"CA","TORRALBA","COGHINAS",,"40.5","8.7861111","352"
"CA","TORRALBA (FERROVIE DELLO STATO)","COGHINAS",,"40.482851","8.78165","352"
"CA","TORTOLI'","VARI FRA SA TEULA E FODDEDDU",,"39.9333333","9.6527778","15"
"CA","TRAVERSA DORGALI (CANTONIERA)","CEDRINO",,"40.3023722","9.5717294","178"
"CA","TRESNURAGHES (FERROVIE COMPLEMENTARI)","MANNU DI CUGLIERI",,"40.25","8.5194444","263"
"CA","TRINITA' D'AGULTU","VARI FRA COGHINAS E VIGNOLA",,"40.9833333","8.919","365"
"CA","TULA","COGHINAS",,"40.7333333","8.9856666","252"
"CA","TUVIOIS (MINIERA)","SA PICOCCA",,"39.390974","9.323312","447"
"CA","URAS (FERROVIE DELLO STATO)","MOGORO",,"39.69267","8.696543","20"
"CA","URI","MANNU DI PORTOTORRES",,"40.6333333","8.8361111","150"
"CA","USSASSAI","FLUMENDOSA",,"39.8166667","9.3694444","934"
"CA","UTA (CENTRO REGIONALE AGRARIO SPERIMENTALE)","FLUMINIMANNU",,"39.3","8.9361111","19"
"CA","VAL LICCIOLA (CASERMA)","LISCIA",,"40.85","9.152778","1000"
"CA","VALLEDORIA (O CODARUINA)","COGHINAS",,"40.75","8.8361111","9"
"CA","VALLERMOSA","FLUMINIMANNU",,"39.3666667","8.8027778","70"
"CA","VILLA VERDE","MOGORO",,"39.7833333","8.8194444","204"
"CA","VILLACIDRO (FERROVIE COMPLEMENTARI)","FLUMINIMANNU",,"39.4666667","8.7361111","213"
"CA","VILLAGRANDE STRISAILI","SA TEULA",,"39.9666667","9.5027778","679"
"CA","VILLAMAR","FLUMINIMANNU",,"39.75","9.1027778","108"
"CA","VILLAMASSARGIA","FLUMINIMANNU",,"39.2833333","8.6361111","154"
"CA","VILLANOVA (CANTIERE)","FLUMENDOSA",,"39.783333","9.219444","850"
"CA","VILLANOVA MONTELEONE","TEMO",,"40.5","8.4694444","567"
"CA","VILLANOVA STRISAILI","SA TEULA",,"39.9666667","9.5027778","679"
"CA","VILLANOVATULO","FLUMENDOSA",,"39.7833333","9.2194444","570"
"CA","VILLASALTO","FLUMENDOSA",,"39.4833333","9.4027778","514"
"CA","VILLASIMIUS","VARI FRA SA PICOCCA E SA PISPISA",,"39.1427778","9.5197222","48"
"CA","VILLASOR","FLUMINIMANNU",,"39.3666667","8.9361111","22"
"CA","VILLAVERDE (GIA' BANNARI USELLUS)","MOGORO",,"39.7833333","8.8194444","204"
"CA","ZUIGHE (CANTONIERA)","COGHINAS",,"40.757479","9.366651","520"
"CA","ZURI","TIRSO",,"40.133333","8.8356666","90"
