"SIGLA_STRUMENTO","TIPO_STRUMENTO_ANNALE","Descrizione_TIPO_STRUMENTO_ANNALE"
"P","P","Pluviometro comune"
"P","Pr","Pluviometro registratore"
"P","Pt","Pluviometro totalizzatore"
"P","Pn","Puvionivometro"
"P","Pe","Pluviometro con memorizzazione elettronica"
"P","c","Udometro (Pluviometro) comune"
"P","R","Udometro (Pluviometro) registratore"
"P","□","Pluvionivometro"
"P","(.)","Nivometro totalizzatore"
"P","*","Pluviografo"
"P","+","Pluvio-nivometro"
"T","Tm","Termometro a massima e minima"
"T","T","Termometro a massima e minima"
"T","term","Termometro (solo Compartimento di Venezia)"
"T","Tr","Termometro registratore"
"T","Te","Termometro con memorizzazione elettronica"
"Q","M","Stazione per la misura di portata con idrometro a lettura diretta"
"Q","Mr","Stazione per la misura di portata con idrometrografo"
"H","I","Idrometro a lettura diretta"
"H","Ir","Idrometro registratore o Idrometrografo"
